chunk_size,chunk_overlap,dense_k,sparse_k,search_mode_dense-only,search_mode_hybrid,search_mode_sparse-only,reranker_jina-reranker-m0,reranker_none,reranker_zerank-1,llm_model_gpt-oss-20b,llm_model_mistral-small3.2,llm_model_qwen-3-8b,bert_score_recall,cosine_similarity,golden_doi_mrr,golden_doi_recall,numeric_recall,rouge_l_recall,scientific_fact_recall,source_support_hit,source_support_max_similarity,token_f1,token_recall
-0.6155395840141352,-0.6155395840141352,-0.2711541470943088,-1.0836613715876715,0,0,1,1,0,0,1,0,0,0.2409317142622811,0.3129650757248773,0.4700113378684807,0.5125850340136054,0.2786616161616161,0.2966638013242539,0.3214989702195938,0.0526315789473684,0.5961643996868561,0.0642936394125512,0.2896349134675451
1.4334998869766837,1.4334998869766837,-0.2711541470943088,1.3436569021989169,1,0,0,0,0,1,1,0,0,0.3174100056716373,0.4621464972046015,0.5390613864593456,0.6782312925170069,0.507449494949495,0.5268828652664377,0.7343228247233899,0.0263157894736842,0.6268946659358798,0.101587717366985,0.4871157885657633
1.4334998869766837,1.4334998869766837,-0.2711541470943088,1.3436569021989169,1,0,0,0,1,0,0,1,0,0.262324007494109,0.3063601525728797,0.4343934240362812,0.6833333333333333,0.4005050505050505,0.3680377315579472,0.6345997305491862,0.0263157894736842,0.630534174367999,0.0280900981683072,0.3404143892656585
0.2626201892676443,0.2626201892676443,1.3270119622948746,-0.2745552803254753,1,0,0,0,0,1,0,1,0,0.223568035023553,0.2713407028313481,0.6010662612837693,0.8142857142857143,0.3045454545454545,0.3495067871954037,0.895015280752366,0.0526315789473684,0.6693532937673727,0.0284158725959314,0.2725976513830775
1.4334998869766837,1.4334998869766837,-1.0702372017889004,1.3436569021989169,1,0,0,0,1,0,1,0,0,0.2865440479772431,0.4027253413204426,0.4047052154195011,0.5625850340136055,0.3848484848484848,0.3597905315339963,0.446012420670595,0.0,0.6124404132683002,0.0988301931596675,0.3665328312957045
-1.200979432868655,-1.200979432868655,-0.2711541470943088,-1.0836613715876715,0,1,0,0,1,0,0,0,1,0.34828218711274,0.529564741496,0.4592624306910021,0.7700680272108844,0.5845959595959597,0.6533877860649321,0.9294964359203974,0.131578947368421,0.6860595211954638,0.0582279259552236,0.6559581775166027
-1.200979432868655,-1.200979432868655,-1.0702372017889004,-1.0836613715876715,0,0,1,1,0,0,0,0,1,0.3303785281521933,0.4834426387147587,0.3894557823129251,0.4207482993197279,0.3642676767676768,0.5514857521674559,0.6172867812697465,0.0789473684210526,0.5851741533193913,0.0686490166180324,0.5282492167922236
-0.6155395840141352,-0.6155395840141352,-1.0702372017889004,-0.2745552803254753,0,0,1,0,1,0,1,0,0,0.2253177742872919,0.2981503006505839,0.3890994493035309,0.6061224489795918,0.2463383838383838,0.3276830044811158,0.3372050090070115,0.0526315789473684,0.6194519219861551,0.0481455679610613,0.281285059280946
0.2626201892676443,0.2626201892676443,-0.2711541470943088,1.3436569021989169,0,0,1,0,1,0,1,0,0,0.225170464345387,0.3321949867154917,0.414960212553921,0.6561224489795918,0.3125,0.3693237283964208,0.4771277396419706,0.0526315789473684,0.6140797844170497,0.0482239454265476,0.3180656299234253
-0.6155395840141352,-0.6155395840141352,-1.0702372017889004,-1.0836613715876715,0,1,0,0,0,1,1,0,0,0.2731844256605421,0.3868813295322429,0.5515265630061549,0.720748299319728,0.4084595959595959,0.404573375041901,0.7549884446768402,0.1052631578947368,0.6496996922189127,0.0764399849541711,0.3741813090169063
1.4334998869766837,1.4334998869766837,1.3270119622948746,1.3436569021989169,1,0,0,1,0,0,0,1,0,0.2367791427033287,0.2772720974192593,0.5671472447620407,0.8295918367346938,0.2726010101010101,0.3808813725904686,0.8013949794073899,0.0526315789473684,0.6500828223636697,0.0301468106424319,0.3291732951536945
-1.200979432868655,-1.200979432868655,-0.2711541470943088,-0.2745552803254753,0,0,1,0,1,0,0,0,1,0.3322314439075333,0.4900934982983607,0.2822832307526185,0.5268707482993197,0.3976010101010101,0.578829584025383,0.6545953529697727,0.0789473684210526,0.5969839046764353,0.066842029421086,0.5593907802601605
1.4334998869766837,1.4334998869766837,-0.2711541470943088,-1.0836613715876715,0,0,1,0,1,0,0,0,1,0.3236888349056244,0.4969062483788588,0.2798185941043083,0.3721088435374149,0.3970959595959595,0.574111998115506,0.8146764044836163,0.0263157894736842,0.5646530698855754,0.0592283577125399,0.5624854902906686
-1.200979432868655,-1.200979432868655,-1.0702372017889004,1.3436569021989169,1,0,0,0,0,1,0,1,0,0.2666836147648947,0.3065842709242399,0.5107142857142857,0.5755102040816327,0.2411616161616161,0.3150995773550947,0.8989688958402953,0.0789473684210526,0.6403498111104358,0.0702044815495565,0.303283773503081
0.2626201892676443,0.2626201892676443,-1.0702372017889004,-1.0836613715876715,0,0,1,0,0,1,1,0,0,0.2312256588680403,0.3193705742346177,0.4702380952380953,0.5193877551020408,0.2737373737373737,0.3278337465781115,0.6240835540888328,0.0526315789473684,0.5728214997613112,0.0728010157286703,0.3044692283080251
1.4334998869766837,1.4334998869766837,1.3270119622948746,-0.2745552803254753,1,0,0,1,0,0,0,1,0,0.247115563069071,0.2826291080197273,0.5932907441198257,0.8397959183673469,0.3401515151515151,0.3363572914784585,0.7769865516441253,0.0526315789473684,0.6510365834694801,0.0315149798583228,0.3112425134920988
-1.200979432868655,-1.200979432868655,-0.2711541470943088,-0.2745552803254753,0,0,1,0,1,0,0,1,0,0.292066165464265,0.4010521009471899,0.3636202893855955,0.6095238095238096,0.3318181818181818,0.4386799786145744,0.5372024591330652,0.131578947368421,0.631564179997046,0.0656724487333728,0.4353981091364381
-1.200979432868655,-1.200979432868655,-0.2711541470943088,-1.0836613715876715,0,0,1,0,0,1,0,0,1,0.3188536922846521,0.4891564481675031,0.3578798185941043,0.3935374149659864,0.403030303030303,0.5392129513906482,0.895230525823521,0.0789473684210526,0.572985743424111,0.0599486674103067,0.5449123279887197
0.2626201892676443,0.2626201892676443,-1.0702372017889004,-1.0836613715876715,0,1,0,0,0,1,0,1,0,0.2918208358543259,0.3533448345840609,0.5247448979591837,0.6918367346938775,0.4494949494949495,0.4690927066902282,0.8980259311450216,0.0789473684210526,0.6439211743777069,0.0417108183662178,0.4555738545005212
0.2626201892676443,0.2626201892676443,-0.2711541470943088,1.3436569021989169,1,0,0,0,1,0,0,0,1,0.3512056257043566,0.5217308335119103,0.4298266925817946,0.7020408163265306,0.5717171717171717,0.6869719905562895,0.8736209648508035,0.0789473684210526,0.6358064549719703,0.0592293024136235,0.6656628075303251
-0.6155395840141352,-0.6155395840141352,-0.2711541470943088,-0.2745552803254753,0,1,0,1,0,0,1,0,0,0.2840420943072864,0.3957991893303482,0.573986655712346,0.7945578231292516,0.4626262626262626,0.4288396010035049,0.5157804480976969,0.1052631578947368,0.6608908238846154,0.0773160995602273,0.3867096706618577
0.2626201892676443,0.2626201892676443,1.3270119622948746,-0.2745552803254753,0,0,1,0,0,1,0,1,0,0.3165346076233046,0.4233191358430093,0.4651878846776806,0.6068027210884354,0.391540404040404,0.4808592909152736,0.8971810937900484,0.0526315789473684,0.611910128686453,0.0698551910132539,0.4665509694879206
1.4334998869766837,1.4334998869766837,-0.2711541470943088,-0.2745552803254753,1,0,0,1,0,0,0,0,1,0.3369955761092049,0.5213409582133646,0.5082321023647554,0.6823129251700679,0.5434343434343435,0.6537613531365755,0.8585540745508236,0.0263157894736842,0.6132626505179287,0.0588768109466612,0.6351194091591228
1.4334998869766837,1.4334998869766837,1.3270119622948746,-0.2745552803254753,0,0,1,1,0,0,0,0,1,0.3156745103853089,0.502836063288789,0.3709264658244249,0.4945578231292517,0.5077020202020202,0.6152520755598282,0.8389623134769499,0.0526315789473684,0.5846007855335914,0.0557175030629916,0.5813754622184228
-1.200979432868655,-1.200979432868655,1.3270119622948746,1.3436569021989169,0,1,0,1,0,0,0,1,0,0.2574354378240449,0.3098555027536924,0.6011600860945132,0.9187074829931972,0.2771464646464646,0.4159668025644998,0.6346664332212337,0.2105263157894736,0.721304886004293,0.0359351192236659,0.3883703028125242
-1.200979432868655,-1.200979432868655,-1.0702372017889004,1.3436569021989169,0,1,0,0,0,1,0,1,0,0.2796450874635151,0.31963879715194,0.5754912981953798,0.8336734693877551,0.4646464646464646,0.4755033923648932,0.8947546850415128,0.1842105263157894,0.7005480516236345,0.0372492862940403,0.4816487792081216
0.2626201892676443,0.2626201892676443,-1.0702372017889004,1.3436569021989169,0,1,0,0,0,1,1,0,0,0.166478427861418,0.2598567705065438,0.5435998978345917,0.7979591836734694,0.2439393939393939,0.3089003812611418,0.6314479242315009,0.0789473684210526,0.6532301330196641,0.0282040738592216,0.2619543491649748
1.4334998869766837,1.4334998869766837,-1.0702372017889004,1.3436569021989169,0,0,1,1,0,0,0,1,0,0.2195294850638934,0.2779089143288045,0.495420495037842,0.7003401360544218,0.2569444444444444,0.3482436428992626,0.8254496603649265,0.0526315789473684,0.6146262623038747,0.0266776493496176,0.3135566898564778
0.2626201892676443,0.2626201892676443,1.3270119622948746,-1.0836613715876715,1,0,0,1,0,0,1,0,0,0.2443367208753313,0.3724381004324714,0.5641808846415689,0.8244897959183674,0.3534090909090909,0.3841105357164384,0.4894724508780442,0.0526315789473684,0.6619146456226858,0.0540822204979839,0.2990161931555493
1.4334998869766837,1.4334998869766837,-0.2711541470943088,-0.2745552803254753,1,0,0,0,1,0,0,0,1,0.3402160066366195,0.5144632450174025,0.3789520570132815,0.610204081632653,0.5021464646464646,0.6519444395814468,0.8243022323826638,0.0,0.6308252970734634,0.0523901608286804,0.6323800106734451
1.4334998869766837,1.4334998869766837,-0.2711541470943088,-1.0836613715876715,1,0,0,1,0,0,1,0,0,0.3309028099690165,0.478532388872825,0.4900496706619155,0.726530612244898,0.459469696969697,0.4653937386571165,0.5415508825283419,0.0526315789473684,0.6351529406837478,0.1065862881583068,0.470465557140656
-1.200979432868655,-1.200979432868655,-1.0702372017889004,1.3436569021989169,0,1,0,0,0,1,1,0,0,0.2915664141944476,0.4169869091530589,0.5713680327275765,0.813265306122449,0.4297979797979798,0.4314884847106253,0.7155626007100551,0.1578947368421052,0.6928982613237056,0.092166148873895,0.3714367440764507
0.2626201892676443,0.2626201892676443,1.3270119622948746,1.3436569021989169,0,1,0,1,0,0,1,0,0,0.153161723273141,0.2089390827616809,0.5923919459499014,0.8717687074829933,0.1202020202020202,0.208579828428408,0.2680449010198936,0.0526315789473684,0.6753554387595182,0.0196244329421593,0.1354781413463044
-0.6155395840141352,-0.6155395840141352,1.3270119622948746,-1.0836613715876715,1,0,0,0,1,0,0,0,1,0.3633137377245085,0.536029896019751,0.4333176129493341,0.8057823129251701,0.5728535353535353,0.7014495659725308,0.883623252347267,0.1052631578947368,0.6557690073567456,0.0609904182854078,0.6778296661430775
-1.200979432868655,-1.200979432868655,-1.0702372017889004,1.3436569021989169,1,0,0,1,0,0,0,1,0,0.2428058046954018,0.2696072682515987,0.5049319727891156,0.572108843537415,0.1717171717171717,0.2694887963314363,0.2460063493488511,0.0789473684210526,0.6411954395682203,0.0566807744857379,0.2524112504230861
1.4334998869766837,1.4334998869766837,1.3270119622948746,-0.2745552803254753,0,1,0,0,0,1,0,1,0,0.2175810551643371,0.2677159591514102,0.6151734353946108,0.902721088435374,0.2132575757575757,0.3345403610746396,0.895767559640342,0.0789473684210526,0.6566727787970865,0.0263738815137944,0.282417440023765
-0.6155395840141352,-0.6155395840141352,1.3270119622948746,-0.2745552803254753,0,0,1,1,0,0,0,0,1,0.3224536893623215,0.4966854098901488,0.3509163427275671,0.5006802721088435,0.4424242424242424,0.5473850537356942,0.7329132594292362,0.0789473684210526,0.5648635123097294,0.0653604362202624,0.5596148212913856
1.4334998869766837,1.4334998869766837,-1.0702372017889004,1.3436569021989169,0,1,0,0,0,1,1,0,0,0.1620843840922627,0.2147165503445139,0.5667963327200706,0.7826530612244899,0.0989898989898989,0.2215642583346816,0.6130358862820177,0.0526315789473684,0.6442542551307822,0.0198097288045827,0.1998586261044947
0.2626201892676443,0.2626201892676443,1.3270119622948746,1.3436569021989169,1,0,0,0,1,0,0,1,0,0.2235221628631864,0.2606671262894656,0.4213122997561773,0.8040816326530612,0.2871212121212121,0.3611327628290281,0.6689483201783151,0.0526315789473684,0.6651219484284375,0.0274292540076449,0.304802609757709
-0.6155395840141352,-0.6155395840141352,1.3270119622948746,1.3436569021989169,0,0,1,0,0,1,1,0,0,0.2514585543530327,0.3504354596511282,0.5242249855320084,0.7037414965986395,0.3428030303030303,0.3710813866223982,0.6636013829566758,0.1052631578947368,0.652377833902157,0.0657683060475783,0.3559100588312016
0.2626201892676443,0.2626201892676443,-1.0702372017889004,1.3436569021989169,0,1,0,0,1,0,0,0,1,0.2773063140256064,0.332947831224812,0.4292884777135582,0.8037414965986395,0.3565656565656565,0.4832166675128652,0.7396800650811444,0.1052631578947368,0.653369243594346,0.0243557228796858,0.410627393143513
-0.6155395840141352,-0.6155395840141352,1.3270119622948746,1.3436569021989169,1,0,0,0,1,0,0,0,1,0.3601836115121841,0.5388478388783977,0.4695131842280702,0.8465986394557823,0.5976010101010102,0.6841766044573617,0.9165702697852004,0.131578947368421,0.675080059715372,0.0589744832786366,0.6728344154917657
-1.200979432868655,-1.200979432868655,1.3270119622948746,-0.2745552803254753,0,1,0,1,0,0,1,0,0,0.3104708671569824,0.4437676693445429,0.5863213288978595,0.8489795918367348,0.5217171717171717,0.4255984981513265,0.5578641233876502,0.1578947368421052,0.6977172814959636,0.0937167547205435,0.3881060429736237
0.2626201892676443,0.2626201892676443,1.3270119622948746,1.3436569021989169,1,0,0,0,0,1,1,0,0,0.2562687563470431,0.371861492140217,0.5749503047972435,0.8040816326530612,0.2939393939393939,0.416310078888205,0.7536624614840594,0.0789473684210526,0.6641260338935693,0.0531310014007344,0.3538742756670015
1.4334998869766837,1.4334998869766837,-0.2711541470943088,-0.2745552803254753,0,0,1,0,0,1,0,1,0,0.317457925081253,0.4346147525411249,0.4702057013281503,0.6078231292517007,0.4256313131313131,0.4970507069600244,0.8932719173918231,0.0526315789473684,0.6016478565239486,0.0767325580278812,0.5089588667514767
1.4334998869766837,1.4334998869766837,1.3270119622948746,-0.2745552803254753,1,0,0,0,1,0,1,0,0,0.1630108179364885,0.2479615816571259,0.3948193589439561,0.7928571428571429,0.1382575757575757,0.2631027798309938,0.2766282798791265,0.0526315789473684,0.6475420868430386,0.0249825463376401,0.1955485425937528
1.4334998869766837,1.4334998869766837,-0.2711541470943088,-0.2745552803254753,0,1,0,1,0,0,0,1,0,0.2503832206130027,0.2775376547916762,0.5383753007544629,0.8244897959183674,0.2498737373737374,0.3805896259716605,0.8224672882002778,0.0526315789473684,0.6463223509583014,0.0288169304472546,0.3371308752661365
-1.200979432868655,-1.200979432868655,1.3270119622948746,-1.0836613715876715,0,1,0,1,0,0,0,1,0,0.3135822298271315,0.3368354899127335,0.6017112573745227,0.85578231292517,0.4554292929292929,0.4655099780226894,0.7796144902589731,0.1842105263157894,0.7129183012225212,0.04311119109528,0.4698333425584706
-0.6155395840141352,-0.6155395840141352,1.3270119622948746,-1.0836613715876715,0,1,0,1,0,0,1,0,0,0.323421341734273,0.4683584492718552,0.5963699388551938,0.8840136054421769,0.5075757575757576,0.5483524868863828,0.6124470911512617,0.1052631578947368,0.679225777414494,0.0942408246465339,0.4995309096079478
0.2626201892676443,0.2626201892676443,1.3270119622948746,1.3436569021989169,0,1,0,1,0,0,0,1,0,0.2414795320800372,0.2727472541774235,0.5834994346863305,0.9289115646258504,0.3181818181818182,0.3455904354495948,0.8104245626181364,0.1052631578947368,0.6776409408789781,0.0252907520646238,0.3096955650324048
-1.200979432868655,-1.200979432868655,1.3270119622948746,1.3436569021989169,1,0,0,0,1,0,0,1,0,0.3067025532467024,0.3473602315080011,0.4708342940350744,0.8346938775510204,0.3787878787878788,0.4895283555628325,0.7026113350883436,0.1578947368421052,0.6936923893636497,0.0643343573909942,0.4952870590017603
-1.200979432868655,-1.200979432868655,-1.0702372017889004,1.3436569021989169,0,0,1,0,0,1,0,1,0,0.3242460744721548,0.4236833600959901,0.4526101199194647,0.7180272108843537,0.369949494949495,0.4904063437094859,0.8955758891774172,0.131578947368421,0.6630409462991335,0.0760097666228111,0.4739504473797334
-0.6155395840141352,-0.6155395840141352,-0.2711541470943088,1.3436569021989169,0,1,0,0,1,0,0,0,1,0.307229031409536,0.4202980741240957,0.4971857665979227,0.8921768707482993,0.3813131313131313,0.5525014348422327,0.7910686248897885,0.131578947368421,0.6667257738154457,0.0449894047005401,0.5320296565181943
-1.200979432868655,-1.200979432868655,-1.0702372017889004,-1.0836613715876715,1,0,0,0,0,1,1,0,0,0.2737885655675615,0.3831027412886563,0.4547619047619048,0.5312925170068028,0.2797979797979797,0.3723332243608573,0.7561033508859272,0.0789473684210526,0.6464618827587868,0.0840605087785475,0.347862376992008
-1.200979432868655,-1.200979432868655,-0.2711541470943088,-0.2745552803254753,1,0,0,0,1,0,0,1,0,0.2889072363717215,0.323774795834553,0.4525035093402441,0.6731292517006803,0.2727272727272727,0.3944364662629372,0.4599250525732835,0.131578947368421,0.6758718442306012,0.0690054452136568,0.3927159531182403
1.4334998869766837,1.4334998869766837,1.3270119622948746,1.3436569021989169,0,1,0,1,0,0,0,1,0,0.2375333958438464,0.25779972925854,0.566076660235057,0.9187074829931972,0.3295454545454545,0.3548354804785335,0.7547952599187071,0.0789473684210526,0.6548749566184293,0.0217434342482506,0.3037199349446965
0.2626201892676443,0.2626201892676443,-0.2711541470943088,-1.0836613715876715,0,0,1,0,0,1,0,1,0,0.3162545701009886,0.4194973757020898,0.4408730158730158,0.5040816326530612,0.3366161616161616,0.4264851661111689,0.8954238389197587,0.0526315789473684,0.5979023993688594,0.0845337657962579,0.4403520378370156
-1.200979432868655,-1.200979432868655,-1.0702372017889004,-0.2745552803254753,0,1,0,0,0,1,1,0,0,0.2552269578831536,0.3656261429258904,0.5965916207752943,0.7547619047619047,0.3848484848484848,0.3858364719119753,0.6887383398854223,0.131578947368421,0.6911744721997104,0.0677328717410558,0.33632353821435
-1.200979432868655,-1.200979432868655,-0.2711541470943088,-0.2745552803254753,1,0,0,0,0,1,0,1,0,0.3056093445420265,0.338282883492326,0.5284580498866214,0.6731292517006803,0.3636363636363636,0.4312729029860964,0.8969207390066081,0.131578947368421,0.6718014470877737,0.0768607924852185,0.4326350788928639
0.2626201892676443,0.2626201892676443,-0.2711541470943088,-0.2745552803254753,0,0,1,0,1,0,1,0,0,0.217790427165372,0.3183214430204188,0.4312544541626174,0.6255102040816326,0.3089646464646464,0.3114914656726772,0.3809388812218094,0.0526315789473684,0.6019839425136531,0.0545779246572827,0.304498066808062
1.4334998869766837,1.4334998869766837,-0.2711541470943088,1.3436569021989169,1,0,0,1,0,0,0,0,1,0.354381290929658,0.532165118876513,0.4986495788791707,0.6663265306122449,0.5421717171717172,0.642981378209589,0.9367841492096584,0.0263157894736842,0.6302705697124612,0.0571376908259206,0.663319130056641
1.4334998869766837,1.4334998869766837,-0.2711541470943088,-1.0836613715876715,1,0,0,1,0,0,0,1,0,0.2643324393033981,0.3066926062261118,0.528028830579851,0.7037414965986395,0.3316919191919192,0.3832474134775752,0.6307890446612145,0.0263157894736842,0.632250174349884,0.0334865514727641,0.3298764912121836
-0.6155395840141352,-0.6155395840141352,-0.2711541470943088,-0.2745552803254753,1,0,0,0,0,1,0,1,0,0.2849503544398716,0.3411255873258003,0.50881762228701,0.6945578231292516,0.3737373737373737,0.4501919548677064,0.8969134282798069,0.0789473684210526,0.65066802715728,0.0625515825519188,0.4470067516482439
1.4334998869766837,1.4334998869766837,-1.0702372017889004,1.3436569021989169,1,0,0,0,0,1,0,1,0,0.2827492517658642,0.3365432652345387,0.4675736961451247,0.5619047619047619,0.3383838383838383,0.4682134070832188,0.8951927188221928,0.0,0.5977813158893063,0.0605024609047692,0.4421726852507026
-0.6155395840141352,-0.6155395840141352,-1.0702372017889004,-0.2745552803254753,1,0,0,0,1,0,0,1,0,0.272251971236297,0.2931450203198966,0.4224716553287981,0.5448979591836735,0.2828282828282829,0.3373099966589046,0.4116614359007993,0.0526315789473684,0.6213536132434647,0.0604828954555739,0.3264587385286732
1.4334998869766837,1.4334998869766837,1.3270119622948746,-0.2745552803254753,1,0,0,1,0,0,1,0,0,0.1647293194702693,0.239290197288524,0.4853804202918059,0.7962585034013605,0.1616161616161616,0.2636258910177969,0.3657716823647691,0.0263157894736842,0.6421701259770743,0.0176266172601916,0.1405182844447973
-1.200979432868655,-1.200979432868655,1.3270119622948746,-0.2745552803254753,0,0,1,0,0,1,0,0,1,0.3340799446616854,0.5060225671442629,0.4384637188208616,0.5557823129251701,0.4734848484848485,0.6081323993266143,0.8972983341820516,0.1052631578947368,0.5998645184477778,0.0667077634372466,0.5913215957452007
-0.6155395840141352,-0.6155395840141352,-0.2711541470943088,-1.0836613715876715,1,0,0,0,0,1,0,0,1,0.3326505656753267,0.5190666868838575,0.4889847208724759,0.6731292517006803,0.5491161616161616,0.6175720968060882,0.8972365975422086,0.1052631578947368,0.6411088540525909,0.0562273912858883,0.6151605244991145
-0.6155395840141352,-0.6155395840141352,1.3270119622948746,1.3436569021989169,1,0,0,0,0,1,0,1,0,0.2607154473662376,0.3025010586059941,0.5477414065625665,0.8431972789115647,0.3345959595959595,0.4076650721941161,0.8942486889129687,0.131578947368421,0.6795155194425514,0.0337670186044769,0.3743832890615474
1.4334998869766837,1.4334998869766837,-1.0702372017889004,-1.0836613715876715,0,0,1,0,1,0,0,0,1,0.3263692302363259,0.4730063214194044,0.2899659863945578,0.4047619047619047,0.3616161616161616,0.5332683723785093,0.7223633152227074,0.0263157894736842,0.5745785848061015,0.0607777102107366,0.5409454706121382
-1.200979432868655,-1.200979432868655,-0.2711541470943088,1.3436569021989169,0,1,0,1,0,0,0,0,1,0.3774002194404601,0.5414609665715818,0.5811912487755434,0.8540816326530613,0.6358585858585859,0.7052774160122091,0.8986508334024499,0.1842105263157894,0.7134141527084694,0.0627914772035185,0.7283695965991633
1.4334998869766837,1.4334998869766837,-1.0702372017889004,1.3436569021989169,0,0,1,0,1,0,0,1,0,0.2223912551999091,0.2607553547283102,0.3635487622732521,0.6799319727891158,0.167550505050505,0.3520246107703976,0.8550214567555424,0.0526315789473684,0.6162123416387238,0.0241253931800057,0.2892315308323189
-0.6155395840141352,-0.6155395840141352,-1.0702372017889004,1.3436569021989169,0,0,1,0,1,0,0,1,0,0.3044839257427624,0.4052016753004887,0.3707218761279859,0.708843537414966,0.3296717171717171,0.4544228822660512,0.461796471758668,0.131578947368421,0.6473022969456678,0.0708495564386851,0.453724350690605
-0.6155395840141352,-0.6155395840141352,1.3270119622948746,-0.2745552803254753,1,0,0,0,1,0,1,0,0,0.2793566529239927,0.4071985061047882,0.4209849093051058,0.8227891156462586,0.4525252525252525,0.4468810533817637,0.4926543225982459,0.1052631578947368,0.6846129915664033,0.064965362134005,0.4092318446613088
0.2626201892676443,0.2626201892676443,-1.0702372017889004,-1.0836613715876715,0,0,1,0,0,1,0,1,0,0.3027645297135625,0.4087032864172751,0.4116213151927437,0.473469387755102,0.314520202020202,0.4163837890690917,0.8951593541801682,0.0526315789473684,0.5996946662881285,0.0652810735228268,0.4274135102233541
1.4334998869766837,1.4334998869766837,-1.0702372017889004,-1.0836613715876715,0,1,0,1,0,0,0,0,1,0.3477961921266146,0.5269195155958559,0.5028493143289062,0.6612244897959183,0.6359848484848485,0.6735871179461941,0.8988812477017443,0.0263157894736842,0.6277017861787163,0.0599294381863133,0.6654190919411608
0.2626201892676443,0.2626201892676443,-1.0702372017889004,1.3436569021989169,1,0,0,1,0,0,0,0,1,0.3384783629860196,0.5042478624851149,0.4574206349206349,0.5404761904761904,0.5267676767676768,0.6553072753579333,0.7918643405968517,0.0526315789473684,0.5990589219559922,0.0642387275693027,0.6281214327129296
-1.200979432868655,-1.200979432868655,-0.2711541470943088,-1.0836613715876715,0,0,1,1,0,0,0,1,0,0.268214284479618,0.3809100416186983,0.3850340136054422,0.4530612244897959,0.2804292929292929,0.4210781708342513,0.3988165983176441,0.0789473684210526,0.6151108159032257,0.0607736386145082,0.4311483495497646
0.2626201892676443,0.2626201892676443,-0.2711541470943088,1.3436569021989169,0,0,1,1,0,0,1,0,0,0.2384420570731162,0.3526854772640325,0.4873523634702316,0.6823129251700679,0.2452020202020202,0.3997021224957852,0.4735282297394587,0.0526315789473684,0.6225966489204283,0.0601254798615748,0.3444729405508059
-1.200979432868655,-1.200979432868655,-1.0702372017889004,-1.0836613715876715,0,1,0,1,0,0,1,0,0,0.2685485940320151,0.3619494289282288,0.5902626606198035,0.7037414965986395,0.3377525252525252,0.3921149772997991,0.46551827352494,0.1578947368421052,0.6697728392442804,0.0669735671624513,0.3412069328008552
-0.6155395840141352,-0.6155395840141352,1.3270119622948746,-1.0836613715876715,1,0,0,1,0,0,0,1,0,0.2830615032996449,0.3149514772298065,0.5754028881431816,0.8534013605442178,0.4090909090909091,0.432268421337836,0.6997874986945923,0.131578947368421,0.6790496283069752,0.035718239328927,0.4301496900428154
0.2626201892676443,0.2626201892676443,-0.2711541470943088,1.3436569021989169,0,0,1,0,1,0,0,1,0,0.276817341021129,0.3502156614258462,0.3628096804734828,0.7214285714285714,0.3272727272727272,0.4417637494746478,0.5738310484596877,0.0789473684210526,0.622672980656228,0.0529575729693355,0.4085772214362418
-1.200979432868655,-1.200979432868655,-1.0702372017889004,1.3436569021989169,1,0,0,0,1,0,0,1,0,0.2708448641640799,0.2900295049314028,0.4434467120181406,0.5755102040816327,0.2171717171717171,0.3205015890919036,0.3172494696963501,0.0789473684210526,0.6421190837455631,0.0605374608237235,0.3157181746863798
0.2626201892676443,0.2626201892676443,1.3270119622948746,-1.0836613715876715,1,0,0,1,0,0,0,0,1,0.3035571383578436,0.3543914644689296,0.5542534056229008,0.7870748299319729,0.2391414141414141,0.4736604474782579,0.7955881778957944,0.0526315789473684,0.6631443826020005,0.0476109346964016,0.4195594913393751
-1.200979432868655,-1.200979432868655,1.3270119622948746,-0.2745552803254753,0,0,1,1,0,0,1,0,0,0.2303085190909249,0.3216579496514009,0.4760001619695497,0.6180272108843538,0.2924242424242424,0.3373930911366691,0.3442336108162999,0.1052631578947368,0.6281753888724138,0.0662716636596758,0.27842415125016
1.4334998869766837,1.4334998869766837,-0.2711541470943088,-0.2745552803254753,1,0,0,0,0,1,0,1,0,0.2632170500499861,0.3040672097048371,0.5277615808228053,0.6935374149659864,0.3176767676767676,0.3638812131559724,0.8958939571580676,0.0263157894736842,0.6282918641720666,0.0327007953573729,0.3168156273830052
1.4334998869766837,1.4334998869766837,1.3270119622948746,-1.0836613715876715,0,0,1,1,0,0,0,0,1,0.3338568093521254,0.4959443008901608,0.3446995464852608,0.4428571428571428,0.5195707070707071,0.5866320605583787,0.8133033545466606,0.0263157894736842,0.5604550826020374,0.0596125193706183,0.5542795337331223
-0.6155395840141352,-0.6155395840141352,1.3270119622948746,-0.2745552803254753,1,0,0,1,0,0,1,0,0,0.3076035557474408,0.4475779671552436,0.5394794130562122,0.7887755102040817,0.4954545454545455,0.5064345205125388,0.5803663931047777,0.131578947368421,0.6822964149260655,0.0851762403290613,0.4561415735179722
-1.200979432868655,-1.200979432868655,-1.0702372017889004,-0.2745552803254753,1,0,0,0,1,0,1,0,0,0.2393950520668711,0.3345233366619426,0.3600907029478458,0.5340136054421769,0.2656565656565657,0.2555116172135732,0.3044511155547418,0.1052631578947368,0.636341519789368,0.0786954948505325,0.2583337969604105
-1.200979432868655,-1.200979432868655,-1.0702372017889004,1.3436569021989169,0,1,0,0,0,1,0,0,1,0.3598164447716304,0.5395612266833378,0.5740312185480253,0.8091836734693877,0.6590909090909091,0.7187732156309485,0.8960181536926829,0.2105263157894736,0.7014934436331943,0.0609328742719659,0.725487955335129
-1.200979432868655,-1.200979432868655,1.3270119622948746,1.3436569021989169,0,0,1,1,0,0,0,1,0,0.3236328810453414,0.4363626253729231,0.4809227198687456,0.7180272108843537,0.3958333333333333,0.4770666978052738,0.5371447069780939,0.131578947368421,0.6610414200885236,0.0748144967004653,0.4746713263288862
0.2626201892676443,0.2626201892676443,-0.2711541470943088,1.3436569021989169,1,0,0,1,0,0,1,0,0,0.270791105713163,0.3837071365963649,0.5080293704783501,0.6952380952380953,0.4190656565656566,0.4186894987142981,0.5342588292981963,0.0526315789473684,0.6425871832741604,0.0662200879590989,0.3792726298087415
-0.6155395840141352,-0.6155395840141352,-0.2711541470943088,-1.0836613715876715,0,1,0,1,0,0,1,0,0,0.2712415954896381,0.394179028735032,0.5414585225809716,0.7870748299319729,0.3387626262626262,0.4040679642976083,0.476817591136593,0.131578947368421,0.666839688142909,0.0651776692079139,0.3939349895773009
-1.200979432868655,-1.200979432868655,-0.2711541470943088,-1.0836613715876715,0,1,0,0,0,1,1,0,0,0.27281564780644,0.3923450047777062,0.5885668186688595,0.7394557823129252,0.3924242424242424,0.4001084566870723,0.6841280220858947,0.1578947368421052,0.6816900915780085,0.0802313811017709,0.343447142076259
-0.6155395840141352,-0.6155395840141352,-0.2711541470943088,-1.0836613715876715,0,0,1,1,0,0,0,1,0,0.3069153641802923,0.4049672468370606,0.3738662131519274,0.4693877551020408,0.2856060606060606,0.4677789604529991,0.4956238512553196,0.0526315789473684,0.5974160632977137,0.0663479411083871,0.4541214293760763
0.2626201892676443,0.2626201892676443,-1.0702372017889004,-0.2745552803254753,0,1,0,0,0,1,0,1,0,0.2235270601085254,0.2910944159787851,0.5622298997298997,0.7673469387755102,0.2928030303030303,0.3427013725489468,0.8943263207513255,0.0789473684210526,0.6481249500041851,0.0257346390369699,0.2947760245964436
0.2626201892676443,0.2626201892676443,-0.2711541470943088,-0.2745552803254753,1,0,0,1,0,0,0,0,1,0.3439590292317526,0.5240800196855597,0.4983078231292517,0.6782312925170069,0.6191919191919192,0.7052048358890152,0.889115803350578,0.0526315789473684,0.6252934916712515,0.0617149104346218,0.6894986679299735
-0.6155395840141352,-0.6155395840141352,-0.2711541470943088,1.3436569021989169,1,0,0,1,0,0,1,0,0,0.2482472530007362,0.3583583245518242,0.5309861246085736,0.7156462585034015,0.3535353535353535,0.3985406862542766,0.5023973848523261,0.1052631578947368,0.6625966892729681,0.0702231505195759,0.3420341094970986
0.2626201892676443,0.2626201892676443,-1.0702372017889004,-0.2745552803254753,0,1,0,0,1,0,1,0,0,0.2702222818136215,0.3836322142735888,0.4328551078551079,0.6942176870748299,0.4488636363636363,0.3888171826658897,0.5062764633031717,0.0789473684210526,0.636595092905823,0.0669726603602133,0.3646580411704444
0.2626201892676443,0.2626201892676443,-0.2711541470943088,-1.0836613715876715,0,1,0,1,0,0,1,0,0,0.3286560088821819,0.4932112515172925,0.5752230762434845,0.8006802721088435,0.4747474747474747,0.5475281903845961,0.629264143332451,0.0789473684210526,0.6475733666755651,0.1041950462716601,0.4892668464100058
-1.200979432868655,-1.200979432868655,-1.0702372017889004,1.3436569021989169,0,0,1,0,0,1,1,0,0,0.2124451425671577,0.2720975778276447,0.4932661742685752,0.722108843537415,0.2670454545454545,0.2764354065883185,0.554573889406895,0.1578947368421052,0.6627462335009817,0.0603650733044115,0.251531484547063
-0.6155395840141352,-0.6155395840141352,-1.0702372017889004,-0.2745552803254753,1,0,0,1,0,0,0,1,0,0.261158940068313,0.2882432719426456,0.4634920634920635,0.5448979591836735,0.202020202020202,0.2973614451927394,0.3985096511637676,0.0526315789473684,0.6200149793387009,0.0576265844577676,0.2857762320342039
1.4334998869766837,1.4334998869766837,-1.0702372017889004,-1.0836613715876715,0,1,0,0,1,0,1,0,0,0.3030807788031441,0.440910234362009,0.4623607061872368,0.6578231292517007,0.4984848484848485,0.4907276592919036,0.5745357861602679,0.0263157894736842,0.6101631197612449,0.096268098415039,0.4409187115905487
-1.200979432868655,-1.200979432868655,1.3270119622948746,-0.2745552803254753,1,0,0,0,1,0,0,1,0,0.3084152448177337,0.3407894209202793,0.4735745568068497,0.8448979591836734,0.4141414141414141,0.5092832241536578,0.7167277550216142,0.1578947368421052,0.6936923893636497,0.0590972018969856,0.5056871659589648
-0.6155395840141352,-0.6155395840141352,-1.0702372017889004,-1.0836613715876715,1,0,0,0,0,1,1,0,0,0.2668965369037219,0.3595918306748691,0.4160997732426303,0.4921768707482993,0.2724747474747475,0.3074715198789049,0.7553591642149725,0.0526315789473684,0.6200941738440653,0.0813484137930655,0.3001027747258377
1.4334998869766837,1.4334998869766837,-1.0702372017889004,1.3436569021989169,0,0,1,0,1,0,0,0,1,0.270168444940022,0.3486621693711634,0.304054228862152,0.6704081632653062,0.3265151515151515,0.506844785291677,0.7711048510360221,0.0789473684210526,0.6137578792107165,0.0293823205467358,0.4705615678865532
1.4334998869766837,1.4334998869766837,-0.2711541470943088,-1.0836613715876715,0,0,1,0,0,1,0,1,0,0.3022088154724666,0.4168893910762338,0.4236394557823129,0.4710884353741496,0.3498737373737373,0.4400174310537024,0.8941280511207803,0.0263157894736842,0.5749418066689622,0.0737285702813106,0.4429873334271065
1.4334998869766837,1.4334998869766837,1.3270119622948746,-1.0836613715876715,0,1,0,0,1,0,0,1,0,0.2370880597404071,0.2835619065140374,0.4633783203620349,0.8857142857142857,0.2587121212121212,0.373049600836083,0.8584034034767926,0.0526315789473684,0.651908837331382,0.0292781706861106,0.3468145553805458
-1.200979432868655,-1.200979432868655,-0.2711541470943088,-1.0836613715876715,1,0,0,0,1,0,0,0,1,0.3535879382065364,0.5230770615494595,0.4186024727351258,0.7095238095238096,0.4623737373737374,0.6261425814993735,0.8429476855297495,0.131578947368421,0.6817858508978455,0.0671577337541679,0.6423878621723403
-1.200979432868655,-1.200979432868655,-0.2711541470943088,-1.0836613715876715,1,0,0,0,0,1,0,0,1,0.3549881598779133,0.5269282242799241,0.541701760069107,0.7013605442176871,0.51010101010101,0.642247076906017,0.8961899076291117,0.1052631578947368,0.6729890321599465,0.0628580457539277,0.6538647787306598
-0.6155395840141352,-0.6155395840141352,1.3270119622948746,-1.0836613715876715,0,0,1,0,1,0,0,1,0,0.3010571982179368,0.409304339901574,0.351360544217687,0.5,0.3077020202020202,0.4154115495987667,0.4468314003780446,0.0526315789473684,0.5962891199078373,0.074237566304965,0.3829790641865156
-1.200979432868655,-1.200979432868655,-0.2711541470943088,-1.0836613715876715,0,0,1,0,1,0,0,1,0,0.3070922122257096,0.4077114593228046,0.3321428571428571,0.4530612244897959,0.3088383838383838,0.4490624156681207,0.4767417475343488,0.0789473684210526,0.6150994109970321,0.0663173692632689,0.4648460115553441
0.2626201892676443,0.2626201892676443,-1.0702372017889004,-0.2745552803254753,1,0,0,0,1,0,0,0,1,0.3280406232391085,0.5091812863022254,0.3948979591836735,0.5540816326530612,0.4787878787878788,0.6045816095796824,0.8152716662420425,0.0526315789473684,0.6252880591448801,0.0606441227340113,0.6006505580212539
-1.200979432868655,-1.200979432868655,-0.2711541470943088,-1.0836613715876715,0,1,0,0,0,1,0,0,1,0.3663637765816279,0.5314417784893246,0.5265096807953951,0.691156462585034,0.5848484848484848,0.643698935507865,0.8969672433956279,0.131578947368421,0.649530350334207,0.0638365996730139,0.6849089479775595
1.4334998869766837,1.4334998869766837,1.3270119622948746,1.3436569021989169,0,0,1,0,0,1,0,1,0,0.2237726514680044,0.2741730021579952,0.4951594984758249,0.7105442176870749,0.2362373737373737,0.3138823064918619,0.8965727908974711,0.0526315789473684,0.6138748341583778,0.0249376735907917,0.2774243351105082
-0.6155395840141352,-0.6155395840141352,-0.2711541470943088,1.3436569021989169,0,0,1,1,0,0,0,0,1,0.335408258650984,0.51635780572723,0.4849863798333186,0.6697278911564627,0.4369949494949495,0.6053760226571605,0.8458688565421228,0.0789473684210526,0.6376091602615314,0.0615157106613541,0.5976593950624902
-0.6155395840141352,-0.6155395840141352,1.3270119622948746,-0.2745552803254753,0,0,1,0,1,0,0,1,0,0.2999077365653855,0.4009770513974298,0.3576854551344347,0.6129251700680273,0.290530303030303,0.4416088578954598,0.4734690536491689,0.1052631578947368,0.6147220703708929,0.0696375326336112,0.4201879872786418
-0.6155395840141352,-0.6155395840141352,1.3270119622948746,1.3436569021989169,0,0,1,0,0,1,0,0,1,0.3405183064086096,0.5185934211708717,0.4559237814339855,0.639795918367347,0.4954545454545455,0.6108148109616137,0.8936766886503481,0.1052631578947368,0.6348887982435162,0.0626496014004012,0.6092577497786682
1.4334998869766837,1.4334998869766837,-0.2711541470943088,-0.2745552803254753,1,0,0,1,0,0,1,0,0,0.3333471782718386,0.4636010797798258,0.4847991577583414,0.6612244897959183,0.4626262626262626,0.4969797712959474,0.584167799181887,0.0263157894736842,0.6287362923427031,0.0904036170460909,0.4567369258822379
0.2626201892676443,0.2626201892676443,-1.0702372017889004,1.3436569021989169,1,0,0,0,0,1,0,1,0,0.2736040929385593,0.3217916520623962,0.4883786848072562,0.572108843537415,0.2525252525252525,0.4164742235082171,0.8963562130582727,0.0526315789473684,0.6136898634472822,0.0602038141590345,0.3763818919023908
-0.6155395840141352,-0.6155395840141352,-0.2711541470943088,1.3436569021989169,0,1,0,0,0,1,0,0,1,0.3024477735161781,0.3805440168818231,0.5410803409449607,0.8370748299319728,0.4670454545454545,0.5435513854235472,0.8969267208270574,0.1842105263157894,0.666425794607202,0.0372005991595372,0.5427543839184211
-1.200979432868655,-1.200979432868655,-1.0702372017889004,-1.0836613715876715,0,0,1,0,0,1,1,0,0,0.2221265625527926,0.3000940889840026,0.4465986394557823,0.5064625850340136,0.1944444444444444,0.2689402078202078,0.6945536666910317,0.1052631578947368,0.6066381214327996,0.0609832279461805,0.2208893744827138
-0.6155395840141352,-0.6155395840141352,1.3270119622948746,1.3436569021989169,0,1,0,0,0,1,0,0,1,0.2694012214882033,0.325092397662601,0.5784919276071577,0.9329931972789116,0.3001262626262626,0.4321278509439638,0.8979771267946142,0.1842105263157894,0.6728304502694485,0.0245970089207094,0.3936389232968118
-0.6155395840141352,-0.6155395840141352,-1.0702372017889004,1.3436569021989169,0,0,1,1,0,0,1,0,0,0.259786373930318,0.3540618716178207,0.4760206138732549,0.6180272108843538,0.3238636363636363,0.3558915774545325,0.4298712583037559,0.131578947368421,0.6314827994765928,0.072152203020703,0.3267673814692035
-1.200979432868655,-1.200979432868655,1.3270119622948746,-0.2745552803254753,0,0,1,0,1,0,0,1,0,0.2948561726723398,0.3986364752684576,0.3375674873123853,0.5891156462585034,0.3036616161616162,0.4288266375431572,0.4925511123688193,0.131578947368421,0.6311174773784242,0.0732929663267715,0.4240849234908878
1.4334998869766837,1.4334998869766837,-1.0702372017889004,-0.2745552803254753,0,1,0,1,0,0,0,1,0,0.231944288611412,0.2801431924846146,0.5294269222840651,0.7683673469387755,0.297979797979798,0.3601693440695152,0.6766645715859098,0.0526315789473684,0.6351500906008629,0.0300145552906126,0.3265177493650016
1.4334998869766837,1.4334998869766837,1.3270119622948746,1.3436569021989169,0,1,0,0,0,1,0,0,1,0.250276037624904,0.2980404204068712,0.6044033639125886,0.8887755102040815,0.2672979797979797,0.3997107493520674,0.8974784451598633,0.0526315789473684,0.6518857973610226,0.0220068087139156,0.3089830751923699
-1.200979432868655,-1.200979432868655,-1.0702372017889004,1.3436569021989169,0,0,1,1,0,0,1,0,0,0.2073958156364304,0.2936593928256379,0.5239216999931285,0.6891156462585034,0.2866161616161616,0.2961252972812734,0.361327279828256,0.1578947368421052,0.668600719366076,0.0396603442151762,0.2399853696667591
0.2626201892676443,0.2626201892676443,1.3270119622948746,-1.0836613715876715,0,0,1,0,1,0,0,0,1,0.3195886462926864,0.4846490863630208,0.3042517006802721,0.4251700680272108,0.3742424242424242,0.5233543518448225,0.7292454457713756,0.0526315789473684,0.5481240672042054,0.0601530866794655,0.5259339657625354
0.2626201892676443,0.2626201892676443,1.3270119622948746,-1.0836613715876715,0,1,0,0,1,0,1,0,0,0.2098827529379299,0.2862768956327686,0.5162967242619104,0.8891156462585035,0.2585858585858586,0.3066800291356873,0.3775753854085147,0.1052631578947368,0.668773392416619,0.0259276972185266,0.2194612336277932
1.4334998869766837,1.4334998869766837,1.3270119622948746,-0.2745552803254753,0,1,0,1,0,0,1,0,0,0.2020236761655126,0.2684682616442165,0.5197092059156885,0.8795918367346939,0.1994949494949494,0.2643540256204288,0.3603558199311373,0.0526315789473684,0.64676816422644,0.022854140755548,0.2304580787713544
0.2626201892676443,0.2626201892676443,-1.0702372017889004,-0.2745552803254753,0,0,1,0,1,0,1,0,0,0.2228375365904399,0.297234622685106,0.4224838030450276,0.6187074829931972,0.2297979797979797,0.2914095763336426,0.3686325502030862,0.0263157894736842,0.5970969922968153,0.0484406909652374,0.2905329210923545
1.4334998869766837,1.4334998869766837,-1.0702372017889004,-0.2745552803254753,0,0,1,1,0,0,0,1,0,0.2804649686813354,0.3994846796945231,0.4373542274052478,0.6078231292517007,0.3707070707070707,0.4280836575023068,0.5618249818274247,0.0526315789473684,0.6016478565239486,0.06553257057666,0.432792669428021
-1.200979432868655,-1.200979432868655,-0.2711541470943088,1.3436569021989169,1,0,0,0,1,0,0,1,0,0.272805115027087,0.2875438831135815,0.4437544541626174,0.6731292517006803,0.2424242424242424,0.3800651129734531,0.5494116686127382,0.131578947368421,0.6729168653526636,0.0631054437175085,0.3552342485634934
0.2626201892676443,0.2626201892676443,1.3270119622948746,-1.0836613715876715,1,0,0,0,1,0,0,1,0,0.2198289238980838,0.2654262857042581,0.4099571299826401,0.8040816326530612,0.2803030303030303,0.2899785190043703,0.7352859962553095,0.0526315789473684,0.6693244814494201,0.0270453028014972,0.2441854983917946
1.4334998869766837,1.4334998869766837,-0.2711541470943088,-1.0836613715876715,0,1,0,0,0,1,1,0,0,0.2435163105811391,0.371287611796181,0.5851524382646831,0.8183673469387756,0.4474747474747475,0.3633097693187724,0.8096136082297695,0.0526315789473684,0.6436096610171886,0.055185381280291,0.3493667425088565
-1.200979432868655,-1.200979432868655,-0.2711541470943088,1.3436569021989169,0,0,1,0,1,0,1,0,0,0.2178327228767531,0.3085559773828017,0.3865390023253169,0.7027210884353741,0.2977272727272727,0.3451430579491902,0.425839220675601,0.131578947368421,0.6524793876682661,0.0431134203001674,0.3044309162948258
1.4334998869766837,1.4334998869766837,1.3270119622948746,1.3436569021989169,0,0,1,0,1,0,0,0,1,0.272928380540439,0.3524001805237871,0.3330948482734197,0.6363945578231293,0.3150252525252525,0.4862574503654512,0.7751771534944418,0.0789473684210526,0.5894149996278767,0.0316472097250081,0.4327632514321128
-1.200979432868655,-1.200979432868655,-0.2711541470943088,-1.0836613715876715,1,0,0,0,1,0,1,0,0,0.2304399559327534,0.3350712515394107,0.3911920958859734,0.6374149659863946,0.3289141414141414,0.3235951320412695,0.4063181060158725,0.131578947368421,0.6751219663418864,0.0770937975782175,0.3156266578191669
-0.6155395840141352,-0.6155395840141352,-0.2711541470943088,1.3436569021989169,0,0,1,1,0,0,1,0,0,0.2467894968816212,0.3346070348073921,0.5056793546589464,0.6996598639455782,0.3227272727272727,0.3583798808917031,0.4359795077088833,0.1052631578947368,0.6356955696136106,0.0679225118404792,0.2998570780282615
-1.200979432868655,-1.200979432868655,1.3270119622948746,-0.2745552803254753,1,0,0,1,0,0,0,0,1,0.3700092775481087,0.5367279115888933,0.5518368350430649,0.7700680272108844,0.5847222222222223,0.6808443511041393,0.8931326160719618,0.1578947368421052,0.693445526487524,0.0655060643279162,0.6894497506224877
1.4334998869766837,1.4334998869766837,1.3270119622948746,-1.0836613715876715,0,1,0,1,0,0,1,0,0,0.1729755309649876,0.218671664403647,0.5489044839474485,0.8241496598639456,0.0880050505050505,0.2851270844497325,0.3783282103390957,0.0526315789473684,0.6460586196784054,0.0190394805644725,0.1809726810512646
0.2626201892676443,0.2626201892676443,-0.2711541470943088,-0.2745552803254753,1,0,0,0,0,1,1,0,0,0.3260046324133872,0.4814657732411625,0.5394942500809848,0.6986394557823129,0.4828282828282828,0.5060549954117346,0.7546327262017443,0.0526315789473684,0.6379169417616911,0.09387139853943,0.4762013035568492
1.4334998869766837,1.4334998869766837,1.3270119622948746,-1.0836613715876715,1,0,0,1,0,0,1,0,0,0.1892811149358749,0.2933014798619166,0.5296757664104603,0.8064625850340136,0.1752525252525252,0.3115392274569117,0.3851167066292449,0.0526315789473684,0.6515127177247203,0.0256418552152474,0.2181146970747654
1.4334998869766837,1.4334998869766837,-1.0702372017889004,-0.2745552803254753,1,0,0,1,0,0,0,0,1,0.3466067686676979,0.5223604155374402,0.4886621315192743,0.5727891156462585,0.5085858585858586,0.660086538041846,0.7875764217990218,0.0,0.5849035526713068,0.0604157082992158,0.6463383703786447
1.4334998869766837,1.4334998869766837,-0.2711541470943088,1.3436569021989169,1,0,0,1,0,0,0,1,0,0.2528175999011312,0.2963059735498812,0.5120545837382572,0.6935374149659864,0.3178030303030303,0.3473893998610671,0.6549647583113983,0.0263157894736842,0.6300117575472942,0.0299948370607837,0.3229720334399799
-0.6155395840141352,-0.6155395840141352,-0.2711541470943088,-1.0836613715876715,1,0,0,0,1,0,0,0,1,0.342308861868722,0.5116909862315261,0.4118855955080444,0.6425170068027211,0.4828282828282828,0.6545422110224259,0.8412031822117085,0.0789473684210526,0.6378572669279742,0.0590877584853889,0.653903722468303
1.4334998869766837,1.4334998869766837,-1.0702372017889004,1.3436569021989169,1,0,0,0,1,0,0,1,0,0.2610428005031177,0.3149562165609086,0.4222789115646258,0.5619047619047619,0.3181818181818182,0.4441752762482309,0.5978507921563384,0.0,0.5982240602830565,0.0526498717819298,0.4173091784492753
-1.200979432868655,-1.200979432868655,1.3270119622948746,1.3436569021989169,0,1,0,1,0,0,0,0,1,0.3604415165526526,0.5164987710726234,0.6065070347992257,0.8989795918367346,0.5505050505050505,0.6443283103363747,0.8778870660563309,0.2105263157894736,0.7254214449184797,0.0590640599451044,0.6565501790596363
0.2626201892676443,0.2626201892676443,-0.2711541470943088,1.3436569021989169,0,1,0,0,0,1,0,0,1,0.2701982398118291,0.3417520370517321,0.5972166075361565,0.9023809523809524,0.2172979797979798,0.4359155274723202,0.8970980766090243,0.1052631578947368,0.6638009556073614,0.0257772767116398,0.3748725698760339
1.4334998869766837,1.4334998869766837,-1.0702372017889004,-0.2745552803254753,1,0,0,0,0,1,0,1,0,0.2744732159376144,0.3365771716386336,0.4684240362811792,0.572108843537415,0.303030303030303,0.4187786433684072,0.8963686789510167,0.0,0.5991197422654754,0.0615934875529487,0.4068722941784402
0.2626201892676443,0.2626201892676443,-0.2711541470943088,-0.2745552803254753,0,0,1,0,0,1,1,0,0,0.2694484417353357,0.3391904581023833,0.4837989957887916,0.5870748299319728,0.2872474747474747,0.3447505705747921,0.7539318286909443,0.0526315789473684,0.5967781280158833,0.0725727489094388,0.3032253989120701
1.4334998869766837,1.4334998869766837,1.3270119622948746,-1.0836613715876715,1,0,0,0,1,0,0,0,1,0.2612674534320831,0.3109284950541585,0.4122959766306578,0.7826530612244899,0.2796717171717171,0.4367024278157638,0.7319293580111116,0.0263157894736842,0.6458418141631359,0.0249576310235394,0.3965988969536557
1.4334998869766837,1.4334998869766837,-1.0702372017889004,-0.2745552803254753,0,1,0,1,0,0,0,0,1,0.3014315281595502,0.3708543308293267,0.5213698102728714,0.7452380952380953,0.3838383838383838,0.487118908997019,0.7896858847897965,0.0526315789473684,0.6199302867295765,0.0304093459285174,0.4438720801071263
1.4334998869766837,1.4334998869766837,-0.2711541470943088,-0.2745552803254753,1,0,0,0,0,1,1,0,0,0.3335160925132887,0.4653784755961906,0.5425089083252349,0.6952380952380953,0.4383838383838384,0.4950130682126017,0.8337330189582757,0.0263157894736842,0.6317651013402633,0.0939494770410572,0.4548496109518115
-0.6155395840141352,-0.6155395840141352,-1.0702372017889004,-0.2745552803254753,0,0,1,0,0,1,1,0,0,0.1850264130319867,0.2411757871985981,0.4590136054421769,0.5840136054421768,0.2606060606060606,0.2701646127551619,0.5582201101519675,0.0789473684210526,0.6147209551030359,0.0382175809329622,0.2772602039352603
-0.6155395840141352,-0.6155395840141352,-1.0702372017889004,1.3436569021989169,0,1,0,0,1,0,0,1,0,0.2327994120546749,0.2801026960326612,0.4582375102333085,0.8278911564625852,0.1590909090909091,0.29958505661238,0.5479150296016209,0.1578947368421052,0.6783973865416184,0.0262485494056925,0.2374394802729187
1.4334998869766837,1.4334998869766837,-0.2711541470943088,-1.0836613715876715,0,0,1,1,0,0,0,1,0,0.3002625608869961,0.4249208314442612,0.3660714285714285,0.4710884353741496,0.3104797979797979,0.4525213828501418,0.4734369386079682,0.0263157894736842,0.5773042890333685,0.0817355559112537,0.4184734473442044
0.2626201892676443,0.2626201892676443,-0.2711541470943088,-0.2745552803254753,0,1,0,0,0,1,0,1,0,0.2206018802097865,0.2839763211108944,0.5796797795597315,0.8387755102040817,0.1938131313131313,0.2813918099850271,0.894425080145517,0.0789473684210526,0.6652007487459309,0.0290209395890723,0.2533522938330057
-0.6155395840141352,-0.6155395840141352,-0.2711541470943088,1.3436569021989169,0,1,0,1,0,0,1,0,0,0.2541389487045151,0.3804623324562411,0.5618384435026091,0.8098639455782313,0.4518939393939394,0.4257750551173048,0.5205683517075764,0.1578947368421052,0.6856981783329393,0.0626762110426937,0.3630031039965655
1.4334998869766837,1.4334998869766837,-1.0702372017889004,-1.0836613715876715,0,0,1,0,1,0,0,1,0,0.3007592007092067,0.4140716972143514,0.3641156462585033,0.4710884353741496,0.3047979797979798,0.4358869683499329,0.4692549508949741,0.0263157894736842,0.5749072300738687,0.0839145648323816,0.4376198373913876
1.4334998869766837,1.4334998869766837,1.3270119622948746,-1.0836613715876715,0,1,0,1,0,0,0,1,0,0.2326765762908118,0.2796751669590931,0.5644200495271415,0.8857142857142857,0.2820707070707071,0.3574590733482861,0.7604948598875975,0.0526315789473684,0.6520670202449063,0.0268947648984531,0.3063372715128188
0.2626201892676443,0.2626201892676443,-0.2711541470943088,1.3436569021989169,0,1,0,0,1,0,0,0,1,0.2740041359833308,0.331608077464931,0.4149153832362115,0.8336734693877551,0.3213383838383838,0.4535491535309723,0.7428694173165907,0.0789473684210526,0.6240957300947921,0.0287355136724039,0.421051273132856
1.4334998869766837,1.4334998869766837,-1.0702372017889004,-1.0836613715876715,0,0,1,1,0,0,1,0,0,0.2367111645426068,0.3186039780631265,0.3840702947845805,0.491156462585034,0.1737373737373737,0.2790044568132762,0.3378316838245761,0.0526315789473684,0.5737945099304562,0.0625486855360398,0.246495905080455
1.4334998869766837,1.4334998869766837,-1.0702372017889004,-1.0836613715876715,1,0,0,0,1,0,0,1,0,0.2655308290890285,0.3200600631385464,0.4115646258503401,0.5619047619047619,0.303030303030303,0.3899982338250456,0.5799432285092189,0.0,0.5949042922042599,0.054265821937215,0.3920645030115864
-1.200979432868655,-1.200979432868655,-1.0702372017889004,1.3436569021989169,0,1,0,1,0,0,0,1,0,0.286754371864455,0.3187239835281513,0.5772280845960318,0.8438775510204082,0.4236111111111111,0.4404981633118362,0.6730723362525652,0.1842105263157894,0.7005480516236345,0.041693972845577,0.4222946108147977
-1.200979432868655,-1.200979432868655,-1.0702372017889004,-1.0836613715876715,1,0,0,0,0,1,0,0,1,0.3310704390917505,0.5169400073323552,0.507482993197279,0.5925170068027211,0.4696969696969697,0.6005966400603814,0.897265004859332,0.1052631578947368,0.6580735615216732,0.0657352705800928,0.6227220080489194
1.4334998869766837,1.4334998869766837,1.3270119622948746,1.3436569021989169,0,0,1,0,0,1,1,0,0,0.2130182647705077,0.2939733271028215,0.4832901169125658,0.6659863945578232,0.2992424242424242,0.3180767351763037,0.7774906828612749,0.0526315789473684,0.6112666851651978,0.0269836771847513,0.2950507567536114
0.2626201892676443,0.2626201892676443,-1.0702372017889004,-1.0836613715876715,0,1,0,0,0,1,0,0,1,0.3626571553094046,0.5276382065744043,0.5115686750890832,0.6578231292517007,0.6313131313131313,0.698500575472623,0.8958552437096547,0.0526315789473684,0.6405257343000426,0.0619672119451894,0.7059137553096835
-1.200979432868655,-1.200979432868655,1.3270119622948746,-1.0836613715876715,1,0,0,0,1,0,1,0,0,0.2944665197815214,0.4211082554255785,0.392421457038804,0.7700680272108844,0.4486111111111111,0.42783678642466,0.5094372180855135,0.1578947368421052,0.7052636116832408,0.0878173100160867,0.4054235360670509
1.4334998869766837,1.4334998869766837,-1.0702372017889004,-0.2745552803254753,0,0,1,0,1,0,0,0,1,0.3557142157639775,0.4947037202837153,0.2844169096209912,0.5139455782312925,0.4765151515151515,0.6094218327638486,0.8042649137368426,0.0526315789473684,0.5816522950872818,0.0596625604467528,0.6017799940761801
1.4334998869766837,1.4334998869766837,-0.2711541470943088,1.3436569021989169,0,1,0,0,1,0,0,0,1,0.2635426394428525,0.3118585145755128,0.4163876695293735,0.8404761904761904,0.2505050505050505,0.4203363515535606,0.7596296502975747,0.0789473684210526,0.6317254200228762,0.0240897238087724,0.3708332926319608
0.2626201892676443,0.2626201892676443,-1.0702372017889004,-0.2745552803254753,0,0,1,0,1,0,0,1,0,0.3068399174724306,0.4112004921390893,0.3639204729510851,0.6068027210884354,0.3366161616161616,0.4413956498026226,0.4509990173842137,0.0526315789473684,0.6118879073340631,0.0733060151605352,0.4554672082832809
1.4334998869766837,1.4334998869766837,1.3270119622948746,1.3436569021989169,1,0,0,1,0,0,1,0,0,0.1790008075322423,0.2422299526153971,0.51377972434395,0.8098639455782313,0.1765151515151515,0.2452198697115299,0.3224499891936042,0.0263157894736842,0.644150351342744,0.0213137431231826,0.1872454925930941
-0.6155395840141352,-0.6155395840141352,-0.2711541470943088,-0.2745552803254753,0,1,0,0,0,1,1,0,0,0.3113313866087368,0.4442580439224067,0.5446242754540285,0.8149659863945578,0.453030303030303,0.4624131882754284,0.755817236271129,0.131578947368421,0.6653309588807476,0.0945406653273535,0.4037470327490833
1.4334998869766837,1.4334998869766837,-0.2711541470943088,-1.0836613715876715,1,0,0,1,0,0,0,0,1,0.3402948922344616,0.5277603677306743,0.5267377982939208,0.7037414965986395,0.5914141414141414,0.679106468567573,0.8600022992786641,0.0263157894736842,0.6330247903273284,0.0551800346136421,0.6546290802328429
-1.200979432868655,-1.200979432868655,1.3270119622948746,1.3436569021989169,0,0,1,0,0,1,0,0,1,0.3137052048529897,0.4949734391733736,0.4294261860588391,0.6261904761904762,0.4429292929292929,0.5632862239567005,0.8948867783616039,0.1052631578947368,0.5958352336900343,0.0612718745645412,0.5721247636527905
0.2626201892676443,0.2626201892676443,-0.2711541470943088,-0.2745552803254753,0,0,1,0,1,0,0,0,1,0.3436748342854636,0.5073518847455297,0.3194039520570133,0.5687074829931973,0.4196969696969697,0.6055402402976081,0.7911425726963596,0.0526315789473684,0.5782035120492374,0.0638648260986997,0.6121835418470748
0.2626201892676443,0.2626201892676443,-0.2711541470943088,-0.2745552803254753,0,0,1,1,0,0,0,0,1,0.3301706335374287,0.5143736936255808,0.4740646258503401,0.5931972789115646,0.4727272727272727,0.6111206599367738,0.8058989108909737,0.0789473684210526,0.6110335204603224,0.0642272558435038,0.6181499777643414
1.4334998869766837,1.4334998869766837,-0.2711541470943088,-0.2745552803254753,0,0,1,0,0,1,1,0,0,0.2385507586598396,0.3545606400601742,0.5210398445092322,0.6350340136054422,0.3055555555555556,0.3853573233032971,0.7037974047413056,0.0526315789473684,0.597875080309931,0.0429516677903532,0.3222207444261405
-0.6155395840141352,-0.6155395840141352,-1.0702372017889004,1.3436569021989169,1,0,0,0,1,0,1,0,0,0.2548858928254672,0.3623708074830909,0.4050736961451247,0.5431972789115647,0.3282828282828283,0.2898815126019785,0.3951969300568453,0.0789473684210526,0.6406325347806421,0.0902293457490379,0.2812423623845113
-0.6155395840141352,-0.6155395840141352,-0.2711541470943088,1.3436569021989169,1,0,0,1,0,0,0,1,0,0.3042353029761995,0.3615223435002514,0.5293378144908757,0.6945578231292516,0.4473484848484848,0.4649622023200148,0.6644474485413714,0.0789473684210526,0.6519909533436277,0.0681396873469232,0.46475275496802
0.2626201892676443,0.2626201892676443,-1.0702372017889004,-0.2745552803254753,0,0,1,1,0,0,1,0,0,0.2496905264258384,0.3598937910562841,0.4610544217687074,0.5534013605442177,0.2434343434343434,0.3547634058524735,0.4217191098094918,0.0526315789473684,0.6019954344395326,0.0831186351580082,0.3226991130181496
0.2626201892676443,0.2626201892676443,1.3270119622948746,1.3436569021989169,0,1,0,0,1,0,1,0,0,0.1757327763097626,0.274258060002822,0.4803641961215081,0.895578231292517,0.1994949494949494,0.1723133263146954,0.2575508976808244,0.131578947368421,0.6728661550470552,0.0337988947203587,0.1309216933652991
0.2626201892676443,0.2626201892676443,-1.0702372017889004,-0.2745552803254753,1,0,0,0,0,1,0,0,1,0.3340920550482613,0.4989210929681361,0.5123015873015873,0.577891156462585,0.4782828282828282,0.600238849677721,0.8967193729306053,0.0526315789473684,0.591204505888734,0.0604834357832972,0.6023666450661603
-1.200979432868655,-1.200979432868655,1.3270119622948746,-0.2745552803254753,0,1,0,0,1,0,0,0,1,0.3712772492851529,0.5334288561751696,0.4254408937441978,0.8462585034013606,0.6142676767676767,0.6575470081542805,0.8966862564502905,0.1842105263157894,0.6944757059600762,0.0629370752358661,0.6535884768355519
1.4334998869766837,1.4334998869766837,-0.2711541470943088,1.3436569021989169,0,0,1,0,0,1,1,0,0,0.2393447006174496,0.3211523203732948,0.4802395676885472,0.6721088435374148,0.2472222222222222,0.33380306175073,0.7860162524138922,0.0263157894736842,0.6109286847761656,0.036658592783916,0.3225775795110597
-0.6155395840141352,-0.6155395840141352,-0.2711541470943088,1.3436569021989169,0,1,0,0,1,0,0,1,0,0.2152195690785135,0.2577143699454417,0.4576183008059672,0.8738095238095239,0.2279040404040404,0.2769496692310704,0.5408140947758997,0.1578947368421052,0.6854328069177784,0.0279872207781747,0.2286696734873728
0.2626201892676443,0.2626201892676443,-1.0702372017889004,-0.2745552803254753,1,0,0,1,0,0,0,0,1,0.3309516544852938,0.5142166870330381,0.4640873015873015,0.5302721088435375,0.4719696969696969,0.5918612175312162,0.7948131542350165,0.0526315789473684,0.6137151437955718,0.0635036516830295,0.5738533632906581
0.2626201892676443,0.2626201892676443,-1.0702372017889004,-1.0836613715876715,0,0,1,1,0,0,1,0,0,0.2267613741329738,0.3187836289300738,0.4151927437641723,0.4938775510204081,0.2686868686868687,0.2920658444895611,0.3363922844860159,0.0263157894736842,0.5907986208508799,0.0511576387901245,0.2785453153315509
-1.200979432868655,-1.200979432868655,-0.2711541470943088,-0.2745552803254753,0,0,1,0,1,0,1,0,0,0.2442767236488205,0.3397811424409163,0.4517681675844941,0.6248299319727891,0.3844696969696969,0.4062670296031839,0.4184634827752597,0.0789473684210526,0.6361014470398448,0.0634756072867155,0.3309172760688677
0.2626201892676443,0.2626201892676443,1.3270119622948746,1.3436569021989169,0,1,0,1,0,0,0,0,1,0.2599256838645253,0.308559161014287,0.5927082951115495,0.8802721088435375,0.3680555555555556,0.4009333051321025,0.7913331504321347,0.0789473684210526,0.655923382963918,0.0241148594316289,0.360037417344469
-0.6155395840141352,-0.6155395840141352,-1.0702372017889004,-0.2745552803254753,0,1,0,0,1,0,0,0,1,0.360474122422082,0.5109890516302017,0.4592037610915161,0.7530612244897958,0.5875,0.6822033888494129,0.8359401927678846,0.131578947368421,0.6381177808688693,0.0593326132178789,0.6653150018900891
-0.6155395840141352,-0.6155395840141352,-0.2711541470943088,-0.2745552803254753,1,0,0,0,1,0,0,1,0,0.2933723778384072,0.3537030489234181,0.4428899416909621,0.7149659863945578,0.3868686868686869,0.4647768730369194,0.6626805762035656,0.0789473684210526,0.657272398925282,0.063465565173821,0.4732265622199344
-0.6155395840141352,-0.6155395840141352,-1.0702372017889004,-1.0836613715876715,0,1,0,1,0,0,1,0,0,0.2967294395821435,0.4223417062955421,0.5424508692365835,0.686734693877551,0.5044191919191919,0.4398035724953743,0.5245315912053532,0.0789473684210526,0.645440874455774,0.0844816680256674,0.4216966038417178
1.4334998869766837,1.4334998869766837,-0.2711541470943088,-0.2745552803254753,0,0,1,1,0,0,1,0,0,0.2570440758977617,0.3624991220301122,0.480775294244682,0.6329931972789116,0.3202020202020202,0.3944818921384457,0.3952572191333942,0.0526315789473684,0.5753282805048473,0.0739548829874916,0.3463158201581964
-0.6155395840141352,-0.6155395840141352,-1.0702372017889004,1.3436569021989169,0,0,1,1,0,0,0,0,1,0.3380872000541005,0.4989444606632427,0.4447923476750007,0.6340136054421769,0.4398989898989899,0.6026213072648483,0.822028437346841,0.0789473684210526,0.6267735332358778,0.0633470731843212,0.5997975245496994
-0.6155395840141352,-0.6155395840141352,-0.2711541470943088,-1.0836613715876715,0,1,0,1,0,0,0,0,1,0.359976226730006,0.5406959739613636,0.5679707140931631,0.8159863945578232,0.6349747474747475,0.7171432140643391,0.917207690415283,0.0789473684210526,0.6646254786730641,0.0587781929017716,0.7202370604947061
0.2626201892676443,0.2626201892676443,1.3270119622948746,-1.0836613715876715,0,1,0,0,0,1,0,1,0,0.236262807888644,0.2828045926912886,0.6156809931764914,0.8891156462585035,0.2837121212121212,0.3346940627145888,0.8980749421483193,0.0789473684210526,0.6739753187423819,0.030398567636347,0.2693267115378929
-1.200979432868655,-1.200979432868655,1.3270119622948746,1.3436569021989169,0,1,0,0,0,1,0,1,0,0.2454689156583377,0.313086406094342,0.5872242772327915,0.9085034013605442,0.2823232323232323,0.3540528684248993,0.8959163877033123,0.2105263157894736,0.7224752059297547,0.0353286890035535,0.2917843760386912
1.4334998869766837,1.4334998869766837,1.3270119622948746,-0.2745552803254753,1,0,0,1,0,0,0,0,1,0.2800009995698928,0.3129356425080425,0.5543806958347774,0.8336734693877551,0.3286616161616161,0.4700528971985107,0.8048868728304903,0.0263157894736842,0.6440485492253477,0.0248064940908781,0.4063930046159648
1.4334998869766837,1.4334998869766837,-0.2711541470943088,-1.0836613715876715,1,0,0,0,0,1,0,1,0,0.2569179864866392,0.312345916600643,0.5349894719792679,0.7037414965986395,0.3752525252525252,0.3813764781566533,0.8968462039797893,0.0263157894736842,0.6317416795136248,0.0297684747096203,0.3641643859046375
-1.200979432868655,-1.200979432868655,-1.0702372017889004,-0.2745552803254753,1,0,0,1,0,0,1,0,0,0.2386784788114683,0.3109826742071108,0.4121315192743764,0.4897959183673469,0.3036616161616162,0.276880842858922,0.3027621841971995,0.1052631578947368,0.6355282461933736,0.0754380757563102,0.2580667348166005
-1.200979432868655,-1.200979432868655,-0.2711541470943088,1.3436569021989169,1,0,0,1,0,0,0,0,1,0.3556022473743983,0.5256172798711032,0.5173820321779505,0.6901360544217687,0.5073232323232323,0.6415151629802209,0.8534979685551177,0.131578947368421,0.68200838937685,0.0662532182818196,0.6426126157464506
-1.200979432868655,-1.200979432868655,-0.2711541470943088,1.3436569021989169,0,1,0,0,0,1,1,0,0,0.3381749650410243,0.481427995273901,0.563681295028834,0.7928571428571429,0.5181818181818182,0.5403203258966979,0.8158726105245492,0.131578947368421,0.6934439196959887,0.0934601745873135,0.4875919641936075
-1.200979432868655,-1.200979432868655,1.3270119622948746,1.3436569021989169,0,1,0,1,0,0,1,0,0,0.2771384383950914,0.40481015327564,0.5889655813906549,0.8642857142857143,0.505429292929293,0.4731809797361583,0.5585588268384648,0.1578947368421052,0.710470815121762,0.0640722840691527,0.4054785661271139
-1.200979432868655,-1.200979432868655,1.3270119622948746,1.3436569021989169,1,0,0,0,1,0,1,0,0,0.2983033654945237,0.4347378487966618,0.4279604123490362,0.7598639455782313,0.4494949494949495,0.4381488344987479,0.5432316858946191,0.131578947368421,0.7014139793267242,0.087866401119698,0.4347324036599008
-1.200979432868655,-1.200979432868655,-1.0702372017889004,-0.2745552803254753,0,0,1,1,0,0,0,1,0,0.3282950062836919,0.4522646376259688,0.446031746031746,0.5891156462585034,0.3863636363636363,0.4952779113492834,0.5100516327237711,0.131578947368421,0.6311382289646555,0.0849591893968843,0.4981620303938222
-1.200979432868655,-1.200979432868655,-0.2711541470943088,1.3436569021989169,1,0,0,0,0,1,0,0,1,0.3497923101697649,0.5177927263573368,0.5001174279235504,0.6707482993197279,0.4853535353535353,0.6082318049922155,0.8974058987711143,0.131578947368421,0.6826791526747279,0.0660697515640396,0.6135806584428611
1.4334998869766837,1.4334998869766837,-0.2711541470943088,-0.2745552803254753,0,1,0,0,1,0,1,0,0,0.2033999073079654,0.303378393318705,0.4858854918368723,0.8846938775510205,0.2693181818181818,0.2903852459890825,0.3270589253969956,0.0526315789473684,0.6435656131501956,0.0405226896389323,0.2440717467251832
1.4334998869766837,1.4334998869766837,-1.0702372017889004,-0.2745552803254753,0,0,1,1,0,0,0,0,1,0.3471432583672659,0.5148368086205992,0.3617735665694849,0.5438775510204081,0.5025252525252525,0.604477433248978,0.8144954520269918,0.0526315789473684,0.5901452995021619,0.0572215887986743,0.557525281789605
-1.200979432868655,-1.200979432868655,1.3270119622948746,1.3436569021989169,0,1,0,0,0,1,0,0,1,0.3686437117201941,0.5206005137934107,0.5845152693144336,0.8819727891156462,0.6805555555555555,0.6937516890406098,0.896613800372934,0.1842105263157894,0.7229360503717186,0.0600897182484319,0.7137140968846808
-0.6155395840141352,-0.6155395840141352,1.3270119622948746,-1.0836613715876715,1,0,0,0,0,1,0,1,0,0.2753473051956721,0.3034389478061737,0.5547801072102898,0.8329931972789116,0.3989898989898989,0.4148543218246106,0.8942995374115285,0.131578947368421,0.6795155194425514,0.0416160854703653,0.4029296033033431
-0.6155395840141352,-0.6155395840141352,1.3270119622948746,1.3436569021989169,1,0,0,0,1,0,1,0,0,0.2853429827945573,0.406815676795451,0.4256013739921777,0.8159863945578232,0.4727272727272727,0.3963766157258129,0.5357459088368342,0.1052631578947368,0.6763569730769611,0.0927412280548755,0.3541242193586158
1.4334998869766837,1.4334998869766837,-1.0702372017889004,-1.0836613715876715,1,0,0,0,0,1,0,1,0,0.2799905315893036,0.3314482164274083,0.4675736961451247,0.5619047619047619,0.3554292929292929,0.4417104725691231,0.8963787556461159,0.0,0.5982281631417306,0.0591812246504298,0.414539265138152
0.2626201892676443,0.2626201892676443,1.3270119622948746,-0.2745552803254753,0,0,1,0,0,1,1,0,0,0.2146966949105262,0.2935552886874539,0.4579073534175575,0.5404761904761904,0.2121212121212121,0.3126304413963131,0.6333695329597306,0.0526315789473684,0.587692569874716,0.0483832118063803,0.2606728782773134
-0.6155395840141352,-0.6155395840141352,-1.0702372017889004,1.3436569021989169,1,0,0,0,1,0,0,1,0,0.2647932587776865,0.3054501368571407,0.4190702947845804,0.5346938775510204,0.205050505050505,0.324395141709882,0.3987328856979729,0.0526315789473684,0.620960962345103,0.0626523016703127,0.3036661659966025
0.2626201892676443,0.2626201892676443,-1.0702372017889004,1.3436569021989169,0,1,0,0,0,1,0,1,0,0.2312877658009528,0.2690022242508441,0.564646675131369,0.8404761904761904,0.2702020202020201,0.3089485039473802,0.8974597084225893,0.1052631578947368,0.655298937133926,0.0300422599366407,0.2919549529413869
-1.200979432868655,-1.200979432868655,-1.0702372017889004,-1.0836613715876715,0,0,1,0,1,0,0,0,1,0.3154126682451793,0.4883050233356285,0.2541383219954648,0.3639455782312925,0.3055555555555556,0.537981497470686,0.6903495003391679,0.1052631578947368,0.5833896363329,0.0648963312226812,0.5449955741248794
-0.6155395840141352,-0.6155395840141352,1.3270119622948746,-0.2745552803254753,0,1,0,0,0,1,1,0,0,0.3147365498542785,0.4867636092749628,0.5862070320027416,0.8540816326530613,0.532070707070707,0.5217598982329522,0.7948277759921867,0.131578947368421,0.6862769801660745,0.0977783322336846,0.5050531721540004
-0.6155395840141352,-0.6155395840141352,1.3270119622948746,-0.2745552803254753,0,0,1,0,0,1,1,0,0,0.2635325300267764,0.3521328762809358,0.5132734045999352,0.6448979591836735,0.3034090909090909,0.3488059255732794,0.6502203294541509,0.0526315789473684,0.6267015168554123,0.0857565211078488,0.3085750858286538
1.4334998869766837,1.4334998869766837,-1.0702372017889004,-0.2745552803254753,0,1,0,0,1,0,0,0,1,0.285586053771632,0.3539740778952104,0.3884713019406897,0.7326530612244898,0.3281565656565656,0.4286051289095654,0.7312263293135522,0.0263157894736842,0.6133696311962383,0.0396860474761733,0.4311025913006356
0.2626201892676443,0.2626201892676443,-1.0702372017889004,-0.2745552803254753,0,0,1,0,0,1,1,0,0,0.2694817682674952,0.3666106326484509,0.4643221574344023,0.577891156462585,0.269570707070707,0.3626817340319787,0.733346440691877,0.0789473684210526,0.6105541532389855,0.0735739025869145,0.3414216989874347
0.2626201892676443,0.2626201892676443,1.3270119622948746,-1.0836613715876715,0,1,0,0,0,1,0,0,1,0.2783868344766753,0.3192751354626588,0.579302124002004,0.8489795918367348,0.2801767676767677,0.4531747887459854,0.8990095083984483,0.0526315789473684,0.6673662569033669,0.0251839364289246,0.3915820918878321
-0.6155395840141352,-0.6155395840141352,1.3270119622948746,-0.2745552803254753,1,0,0,1,0,0,0,1,0,0.2705374264291354,0.3058264060651512,0.5759130922248143,0.8431972789115647,0.4217171717171717,0.4354372410647306,0.7150534162245458,0.131578947368421,0.6808215995676961,0.0314864770878738,0.4200053794306075
-0.6155395840141352,-0.6155395840141352,1.3270119622948746,1.3436569021989169,1,0,0,1,0,0,1,0,0,0.331167976132461,0.4883102914524798,0.56510945120639,0.8329931972789116,0.5170454545454546,0.4843166601438644,0.5979334994248348,0.1052631578947368,0.6798457033137633,0.0980652608841262,0.4358597890648979
-0.6155395840141352,-0.6155395840141352,-0.2711541470943088,-0.2745552803254753,1,0,0,1,0,0,1,0,0,0.2905681481531688,0.4256323341570873,0.5139428787387971,0.6952380952380953,0.4222222222222222,0.3744120938018193,0.4748402413000198,0.0789473684210526,0.6619539207152723,0.0880129442486531,0.370712129267277
1.4334998869766837,1.4334998869766837,-1.0702372017889004,-0.2745552803254753,1,0,0,1,0,0,0,1,0,0.2735617608683449,0.3326820327140254,0.479421768707483,0.5517006802721088,0.303030303030303,0.4324509028227149,0.6309411516960245,0.0,0.5949012075668234,0.0601465982112526,0.4170779384800082
-1.200979432868655,-1.200979432868655,-0.2711541470943088,-0.2745552803254753,1,0,0,0,1,0,0,0,1,0.3396814742258616,0.5220503265081277,0.4056554367778858,0.6622448979591837,0.4371212121212121,0.6381814820544714,0.7951394944523539,0.1578947368421052,0.669050426494458,0.0662319701030366,0.6646190182680138
-0.6155395840141352,-0.6155395840141352,1.3270119622948746,1.3436569021989169,0,0,1,0,1,0,0,1,0,0.2768094859804426,0.3787185915975795,0.372474931531054,0.708843537414966,0.3397727272727273,0.4337114177712891,0.5156750105840425,0.131578947368421,0.6473022969456678,0.0536064107065711,0.437380771817396
0.2626201892676443,0.2626201892676443,1.3270119622948746,1.3436569021989169,0,0,1,0,1,0,0,1,0,0.2930642420479229,0.397772275139633,0.3723285204770167,0.7214285714285714,0.4179292929292929,0.5023357501210427,0.6098459806035195,0.0789473684210526,0.6244961818725999,0.065292659220927,0.4686150069530404
-0.6155395840141352,-0.6155395840141352,-1.0702372017889004,-0.2745552803254753,1,0,0,1,0,0,0,0,1,0.3338637735162462,0.489709200292076,0.4160430839002267,0.5047619047619047,0.4131313131313131,0.5744025744641841,0.7800343371698788,0.0526315789473684,0.5978933624731951,0.059869376542875,0.5798679870414166
-1.200979432868655,-1.200979432868655,1.3270119622948746,1.3436569021989169,0,0,1,0,0,1,1,0,0,0.2545106920599937,0.3567227244619896,0.5163953676708779,0.7064625850340136,0.3377525252525252,0.3592587662630294,0.6750039714450204,0.1578947368421052,0.6666692535268192,0.0735909140060675,0.3260307636719725
-1.200979432868655,-1.200979432868655,-1.0702372017889004,-0.2745552803254753,1,0,0,0,0,1,0,1,0,0.2860839602776936,0.3226028276122052,0.485204081632653,0.572108843537415,0.2727272727272727,0.3157575238335292,0.897829776921939,0.0789473684210526,0.6357982907354294,0.0762676922242131,0.3100464130737885
1.4334998869766837,1.4334998869766837,-0.2711541470943088,-1.0836613715876715,0,0,1,1,0,0,0,0,1,0.3301430046558379,0.509879056629183,0.3238945578231292,0.3775510204081632,0.3994949494949495,0.5753959886733232,0.7247401474939155,0.0263157894736842,0.5535361127022478,0.0619610787249158,0.5603923956437635
1.4334998869766837,1.4334998869766837,1.3270119622948746,1.3436569021989169,1,0,0,0,1,0,0,0,1,0.291611686348915,0.3210591853089064,0.4239085456056455,0.803061224489796,0.3140151515151515,0.5023157525310481,0.7303746983944438,0.0263157894736842,0.6220144088986775,0.0305229399877683,0.5071872508790919
-0.6155395840141352,-0.6155395840141352,-0.2711541470943088,-1.0836613715876715,0,1,0,0,1,0,1,0,0,0.2755994720969881,0.379973794109219,0.4532598240761506,0.7707482993197279,0.4119949494949494,0.424949942520568,0.4930593475515101,0.0789473684210526,0.6594026328725966,0.0818323465299552,0.3971593693979565
-0.6155395840141352,-0.6155395840141352,-0.2711541470943088,-1.0836613715876715,1,0,0,0,1,0,1,0,0,0.24277668263231,0.3428949407121754,0.4132011931756829,0.64421768707483,0.3573232323232323,0.2952988943421371,0.3627096536963169,0.1052631578947368,0.6641851829699036,0.0760794226614132,0.3068898941038519
-1.200979432868655,-1.200979432868655,1.3270119622948746,-1.0836613715876715,0,1,0,0,1,0,1,0,0,0.3055657082370349,0.4401014434372544,0.4779808343583854,0.8013605442176871,0.4282828282828282,0.4733085843429955,0.5978513425103543,0.1578947368421052,0.7024062751308358,0.0877093114250158,0.4681771290772976
1.4334998869766837,1.4334998869766837,1.3270119622948746,-0.2745552803254753,0,0,1,0,1,0,0,0,1,0.3322147780231066,0.5073338664012321,0.3053146258503401,0.5517006802721088,0.4917929292929293,0.5838863131480392,0.8201359305967344,0.0526315789473684,0.5928585313447279,0.0561773003724395,0.5754063222865065
1.4334998869766837,1.4334998869766837,1.3270119622948746,1.3436569021989169,1,0,0,0,0,1,1,0,0,0.1815341649310929,0.25119551478895,0.579828616150645,0.813265306122449,0.1574494949494949,0.2370789372222445,0.6807202462136339,0.0263157894736842,0.6479427462819173,0.0224644141582841,0.1762293017246441
-1.200979432868655,-1.200979432868655,-1.0702372017889004,-0.2745552803254753,0,1,0,0,1,0,1,0,0,0.3009533354214259,0.4237580854111792,0.461597019760285,0.703061224489796,0.394570707070707,0.4162498826450152,0.516592941802616,0.131578947368421,0.6800364835149189,0.0870438023097624,0.390619034734242
-1.200979432868655,-1.200979432868655,-1.0702372017889004,1.3436569021989169,1,0,0,0,0,1,0,0,1,0.3334859779902867,0.5001899032285039,0.4912414965986394,0.5499999999999999,0.3989898989898989,0.6149925325572406,0.896801215342572,0.131578947368421,0.649178870306319,0.0584687577532968,0.5850403582597772
-1.200979432868655,-1.200979432868655,-1.0702372017889004,-0.2745552803254753,1,0,0,0,1,0,0,1,0,0.2569998674733298,0.2867389321282539,0.4363038548752834,0.582312925170068,0.2474747474747474,0.3118175024574005,0.353774407657911,0.0789473684210526,0.6363162589047836,0.0610146292663559,0.2997498921556946
1.4334998869766837,1.4334998869766837,1.3270119622948746,-0.2745552803254753,0,1,0,1,0,0,0,0,1,0.2653469102723257,0.3064492691900614,0.5509990500806827,0.8472789115646259,0.3190656565656565,0.4462871277381661,0.7214102438916841,0.0789473684210526,0.6168288638245847,0.0243044751240273,0.4042558266975533
-0.6155395840141352,-0.6155395840141352,-0.2711541470943088,-1.0836613715876715,1,0,0,0,0,1,0,1,0,0.3019249206781387,0.3535474727708028,0.5077243278263687,0.7047619047619047,0.4444444444444444,0.4875491062137342,0.8969975874341355,0.0789473684210526,0.6514198051803689,0.0653200841461296,0.5072782280294479
1.4334998869766837,1.4334998869766837,1.3270119622948746,-0.2745552803254753,1,0,0,0,0,1,0,0,1,0.2498011514544486,0.301511773573453,0.5866994857690346,0.8166666666666667,0.2079545454545454,0.361560620457195,0.8963331532435558,0.0526315789473684,0.6495686437656839,0.0232247600660439,0.3117221719871753
-1.200979432868655,-1.200979432868655,1.3270119622948746,-0.2745552803254753,0,1,0,0,1,0,1,0,0,0.3130268547364643,0.4419106059806367,0.4665957263009505,0.8115646258503402,0.4997474747474748,0.5325083652919833,0.628403299599886,0.1578947368421052,0.702543740960191,0.0845111284718628,0.4778873591301549
0.2626201892676443,0.2626201892676443,-1.0702372017889004,-1.0836613715876715,0,1,0,0,0,1,1,0,0,0.3008744404145649,0.4335702694549707,0.5203919663103337,0.7241496598639456,0.4220959595959596,0.4632585956345187,0.7355870814265727,0.0789473684210526,0.6362197655654138,0.0884657662311649,0.4172884476493032
0.2626201892676443,0.2626201892676443,-1.0702372017889004,-0.2745552803254753,1,0,0,0,1,0,1,0,0,0.2472302667583737,0.3222214051681778,0.386281179138322,0.5285714285714286,0.3781565656565656,0.3532179671321503,0.4078421005499937,0.0526315789473684,0.6180402479656802,0.0795609642163754,0.3337060403326889
0.2626201892676443,0.2626201892676443,-1.0702372017889004,-0.2745552803254753,0,1,0,0,0,1,1,0,0,0.3324402764013834,0.4436368753949095,0.5706453410535043,0.7615646258503402,0.4462121212121212,0.5241159778061735,0.853277394610265,0.0789473684210526,0.6442719772331115,0.0894242367281957,0.4931838505890685
-0.6155395840141352,-0.6155395840141352,1.3270119622948746,-0.2745552803254753,0,0,1,0,1,0,1,0,0,0.2219545843345778,0.3012495360824554,0.4271390778533636,0.5870748299319728,0.2481060606060606,0.2960365913124551,0.335503373274502,0.0526315789473684,0.6104909748264736,0.0523565443879417,0.2659083542149712
-0.6155395840141352,-0.6155395840141352,1.3270119622948746,-0.2745552803254753,0,1,0,1,0,0,1,0,0,0.2828170419165066,0.4101169525290895,0.5622707854370519,0.8676870748299319,0.4589646464646464,0.4655628904559267,0.6020723302613866,0.131578947368421,0.6790518170763922,0.0785338964925124,0.3910668117865355
-0.6155395840141352,-0.6155395840141352,1.3270119622948746,-0.2745552803254753,0,0,1,0,0,1,0,0,1,0.3261419194936752,0.4927407005497511,0.4408390022675737,0.5727891156462585,0.4808080808080808,0.5749922673593278,0.873794676353576,0.0789473684210526,0.6088825574788153,0.0615080824287126,0.5756714208911293
1.4334998869766837,1.4334998869766837,1.3270119622948746,-0.2745552803254753,0,1,0,0,1,0,0,1,0,0.2269513372864041,0.2721521170955734,0.4818089429617525,0.9095238095238096,0.2751262626262626,0.3349244982666298,0.8228027141757775,0.0789473684210526,0.6566472967340227,0.0260277513404358,0.2879261496173035
1.4334998869766837,1.4334998869766837,-0.2711541470943088,-0.2745552803254753,0,1,0,1,0,0,0,0,1,0.2671595758625439,0.3197282394906123,0.5188291442117973,0.773469387755102,0.370580808080808,0.4556622195272096,0.7667734201349474,0.0263157894736842,0.6249156435275948,0.0272388540375348,0.3843749386229882
-1.200979432868655,-1.200979432868655,1.3270119622948746,-1.0836613715876715,0,0,1,1,0,0,1,0,0,0.2176317636881555,0.2857350094746178,0.4487528344671201,0.5261904761904761,0.1736111111111111,0.2139227469792214,0.198714202940949,0.1052631578947368,0.6000517295210827,0.0582264463184443,0.2056069952201841
-0.6155395840141352,-0.6155395840141352,-0.2711541470943088,1.3436569021989169,1,0,0,0,1,0,1,0,0,0.2872104224988392,0.4261005251752588,0.4108904275996112,0.64421768707483,0.4563131313131313,0.3876764779668224,0.4636881676199846,0.0789473684210526,0.6512804938218264,0.0839979843109167,0.3395522284549295
1.4334998869766837,1.4334998869766837,-0.2711541470943088,1.3436569021989169,0,1,0,0,0,1,0,1,0,0.2251819564614977,0.2702466063544114,0.5643089627517311,0.823469387755102,0.297979797979798,0.3300178849065526,0.8973750587899629,0.0526315789473684,0.6461767400430588,0.0267599439458755,0.3188484468402456
1.4334998869766837,1.4334998869766837,-0.2711541470943088,1.3436569021989169,0,1,0,0,0,1,1,0,0,0.1816556613785879,0.2785640208506932,0.5900484023311278,0.8489795918367348,0.1823232323232323,0.3174802567556148,0.7000959702242171,0.0526315789473684,0.6404896503340766,0.0296658430242353,0.2433827250688645
-1.200979432868655,-1.200979432868655,1.3270119622948746,-0.2745552803254753,1,0,0,0,1,0,0,0,1,0.3652892815215247,0.5368289771585588,0.3756040114458481,0.719047619047619,0.5896464646464646,0.6856864076358847,0.8709960111890298,0.1578947368421052,0.6923024509135778,0.0630643589373333,0.6934856102647344
1.4334998869766837,1.4334998869766837,-1.0702372017889004,-0.2745552803254753,1,0,0,0,1,0,0,0,1,0.3356444878237588,0.5128577740369036,0.4006802721088435,0.5489795918367346,0.4815656565656566,0.6075420001980053,0.7841641113907099,0.0263157894736842,0.6143226199589802,0.0551649682699644,0.6103394408134474
-1.200979432868655,-1.200979432868655,-1.0702372017889004,-1.0836613715876715,1,0,0,0,1,0,0,0,1,0.3317229620047978,0.5105617657839604,0.401530612244898,0.5272108843537415,0.3929292929292929,0.5885412492243127,0.7618743511599798,0.0789473684210526,0.6346492494932819,0.0611343201199559,0.5794346850130774
0.2626201892676443,0.2626201892676443,1.3270119622948746,1.3436569021989169,0,1,0,0,1,0,0,1,0,0.2474162558146885,0.269482991671311,0.4410154791193447,0.9289115646258504,0.3106060606060606,0.382100105727761,0.8247061607786843,0.1052631578947368,0.677141169919402,0.0278368657048825,0.3509403974740397
-0.6155395840141352,-0.6155395840141352,1.3270119622948746,-0.2745552803254753,0,1,0,0,1,0,0,1,0,0.2255756525908197,0.2911297004763295,0.4634498609867442,0.9153061224489796,0.2247474747474747,0.3468436895179126,0.6031202183644442,0.1578947368421052,0.6864862700205642,0.0286249518101408,0.3001372148626143
0.2626201892676443,0.2626201892676443,-0.2711541470943088,-0.2745552803254753,1,0,0,0,1,0,0,0,1,0.3488070113318307,0.5305302143996599,0.4218078501241766,0.6850340136054422,0.601010101010101,0.7100908036023992,0.9165718441208204,0.0526315789473684,0.6396922126824711,0.0589553847020594,0.6814206086409602
1.4334998869766837,1.4334998869766837,1.3270119622948746,-0.2745552803254753,0,0,1,1,0,0,0,1,0,0.2891588116117886,0.3976607528362803,0.4456308713961775,0.6078231292517007,0.3246212121212121,0.4414938496686733,0.5220519115890299,0.0526315789473684,0.6030380045478863,0.0614703325544682,0.4422780699596363
-1.200979432868655,-1.200979432868655,-1.0702372017889004,-0.2745552803254753,0,0,1,0,1,0,1,0,0,0.2388501519816262,0.3361475876204254,0.4452731886405355,0.5908163265306122,0.2916666666666667,0.2823461291422965,0.4331536232645158,0.131578947368421,0.6335102530351491,0.0555510164793611,0.2478199749437587
1.4334998869766837,1.4334998869766837,-1.0702372017889004,-0.2745552803254753,0,1,0,0,0,1,0,1,0,0.2306452852061816,0.2748620660156929,0.5666368986266945,0.7785714285714286,0.2450757575757575,0.3522116832466568,0.8956845840592251,0.0526315789473684,0.6352113092721802,0.0288562225112476,0.2854979551497218
-1.200979432868655,-1.200979432868655,-1.0702372017889004,1.3436569021989169,0,1,0,0,1,0,1,0,0,0.2739593291282653,0.3795441770301574,0.4584565792128817,0.7554421768707483,0.4015151515151515,0.3628537593622769,0.5236739473386357,0.1842105263157894,0.7035489720438688,0.0768207724102328,0.3172217391369356
-1.200979432868655,-1.200979432868655,-1.0702372017889004,-0.2745552803254753,0,1,0,1,0,0,0,0,1,0.3559328700814928,0.5406540826164431,0.6082415505884894,0.7836734693877551,0.6371212121212121,0.7041674746628638,0.8563363613048568,0.1578947368421052,0.6748977734670888,0.0623831485245237,0.7240479669921417
-0.6155395840141352,-0.6155395840141352,1.3270119622948746,-1.0836613715876715,1,0,0,0,0,1,0,0,1,0.3519601758037294,0.5341762101811516,0.5881938717907316,0.8551020408163265,0.61489898989899,0.6786858850340244,0.8969142088062851,0.131578947368421,0.6779282902823901,0.0640326506715038,0.7021005456008809
0.2626201892676443,0.2626201892676443,-1.0702372017889004,1.3436569021989169,0,1,0,0,0,1,0,0,1,0.2603457516857556,0.3104788379966167,0.5598470029037256,0.8105442176870749,0.2840909090909091,0.4462525049795692,0.8977788017258683,0.0789473684210526,0.6433913764751451,0.0255519388303787,0.3796129349299633
-0.6155395840141352,-0.6155395840141352,-1.0702372017889004,1.3436569021989169,0,1,0,1,0,0,1,0,0,0.3120892425520079,0.4365970582588699,0.5435603361113566,0.7520408163265306,0.365530303030303,0.4366481114733495,0.5002613510366064,0.131578947368421,0.666994259766518,0.0843111478788142,0.3826129292671572
1.4334998869766837,1.4334998869766837,-1.0702372017889004,-0.2745552803254753,0,1,0,0,0,1,1,0,0,0.2354338360258511,0.3349185358378422,0.5506242850120401,0.7486394557823128,0.2878787878787879,0.3792442906351561,0.6677675243465246,0.0789473684210526,0.6374512168048738,0.046658365741734,0.3455918748943447
-1.200979432868655,-1.200979432868655,1.3270119622948746,-1.0836613715876715,0,1,0,0,0,1,0,0,1,0.3547063501817839,0.5327756100905955,0.5649363669906098,0.8047619047619047,0.6736111111111112,0.7018171749410442,0.8972283751363008,0.131578947368421,0.7060838671121126,0.0621717277149939,0.7288925886519358
-0.6155395840141352,-0.6155395840141352,-1.0702372017889004,-0.2745552803254753,1,0,0,0,0,1,0,0,1,0.3126329151647431,0.5035935244878271,0.4577664399092971,0.5523809523809524,0.4795454545454545,0.5739747259753092,0.8980523475349156,0.0526315789473684,0.5996918427206146,0.056404080631454,0.5695775267620954
0.2626201892676443,0.2626201892676443,1.3270119622948746,-1.0836613715876715,0,0,1,1,0,0,0,0,1,0.3174134130988801,0.4879470386005167,0.3062074829931973,0.3792517006802721,0.3585858585858586,0.5058011233454798,0.7600792139286447,0.0263157894736842,0.5476121928861076,0.0584901664691554,0.5166997323352645
-0.6155395840141352,-0.6155395840141352,-1.0702372017889004,-0.2745552803254753,0,1,0,0,0,1,0,1,0,0.284437640437058,0.3336203291505514,0.5219629406874305,0.773469387755102,0.4590909090909091,0.4308532387713567,0.8973342716126104,0.131578947368421,0.6579070671883902,0.0394352000285469,0.4188477101847587
-1.200979432868655,-1.200979432868655,1.3270119622948746,-1.0836613715876715,1,0,0,0,1,0,0,0,1,0.3428223856857844,0.5320457591503684,0.4344105044060026,0.7496598639455783,0.5077020202020202,0.6622288296982478,0.8970563848518457,0.1578947368421052,0.6963125313351787,0.0604453646543345,0.6845010881222692
-1.200979432868655,-1.200979432868655,-0.2711541470943088,-0.2745552803254753,0,1,0,0,1,0,0,0,1,0.3416393283009528,0.5347394615760817,0.4387259341550268,0.8159863945578232,0.6400252525252526,0.6896254824565518,0.8618798605600994,0.1578947368421052,0.6876016917730056,0.0639096813849118,0.6591029593525157
-0.6155395840141352,-0.6155395840141352,-0.2711541470943088,1.3436569021989169,1,0,0,0,0,1,0,0,1,0.3443599737116268,0.5137991295966347,0.4861175898931001,0.6425170068027211,0.531060606060606,0.6450181759558212,0.8976866123097724,0.0789473684210526,0.6507805845803385,0.0577289686377664,0.6555849756292074
-1.200979432868655,-1.200979432868655,1.3270119622948746,-0.2745552803254753,0,1,0,1,0,0,0,0,1,0.3809799839343343,0.5343685288615605,0.5638805204621531,0.8591836734693877,0.6474747474747475,0.6889713781225332,0.9277477146789898,0.1842105263157894,0.7151975255749865,0.0601736587058759,0.7076545206827205
-0.6155395840141352,-0.6155395840141352,1.3270119622948746,1.3436569021989169,1,0,0,1,0,0,0,0,1,0.3403657387409891,0.5213083335423067,0.5814647653933368,0.8227891156462586,0.6448232323232322,0.6947579468630154,0.871176690333911,0.131578947368421,0.6638543522517283,0.0563760000657112,0.6727125369791837
1.4334998869766837,1.4334998869766837,-0.2711541470943088,-0.2745552803254753,0,1,0,0,0,1,1,0,0,0.184326558453696,0.2899154158792286,0.5321908250479679,0.7496598639455783,0.2584595959595959,0.2941795829016153,0.6960680354582981,0.0526315789473684,0.6325311906899114,0.0341967354841686,0.2877637653588195
1.4334998869766837,1.4334998869766837,-0.2711541470943088,-0.2745552803254753,1,0,0,0,1,0,1,0,0,0.2927996397018432,0.434501548752695,0.4110703487744304,0.6891156462585034,0.4347222222222222,0.4633242169473102,0.5182165752915898,0.0263157894736842,0.6293588908348049,0.0836786109559907,0.4567633979975828
0.2626201892676443,0.2626201892676443,-1.0702372017889004,-1.0836613715876715,1,0,0,1,0,0,0,0,1,0.3286518028804234,0.5137763006655113,0.4574829931972789,0.5438775510204081,0.4953282828282829,0.592865694125219,0.7956346877544032,0.0526315789473684,0.6021833572620875,0.0582079604412059,0.5967399166641141
-1.200979432868655,-1.200979432868655,-0.2711541470943088,-0.2745552803254753,0,1,0,0,1,0,0,1,0,0.3016226824692317,0.3441820328715397,0.4621869332148444,0.8149659863945578,0.4595959595959595,0.487004219670934,0.673096929758661,0.1842105263157894,0.6997541697888264,0.0450504876969652,0.4928729851863483
-0.6155395840141352,-0.6155395840141352,-0.2711541470943088,1.3436569021989169,0,1,0,0,0,1,1,0,0,0.268550607902663,0.3843881699795396,0.5438708836775672,0.8139455782312925,0.369949494949495,0.3650401496129195,0.6317540320952669,0.131578947368421,0.6795468277517266,0.0759995672552138,0.352530407430311
0.2626201892676443,0.2626201892676443,-0.2711541470943088,-0.2745552803254753,1,0,0,0,0,1,0,1,0,0.2841159296887261,0.316831022061539,0.5609016304934673,0.7496598639455783,0.3720959595959596,0.4641505189417587,0.8968702118709702,0.0526315789473684,0.6504440045750838,0.0374520287236238,0.4494239231029309
-0.6155395840141352,-0.6155395840141352,-1.0702372017889004,1.3436569021989169,0,1,0,0,1,0,1,0,0,0.3161356422305106,0.4421313210263033,0.4706919368789494,0.8091836734693877,0.4045454545454545,0.4631719048688281,0.52324374825228,0.1052631578947368,0.6691966259952469,0.0919204509318219,0.39739489534165
-0.6155395840141352,-0.6155395840141352,-0.2711541470943088,-0.2745552803254753,1,0,0,0,0,1,0,0,1,0.3510889166167804,0.5142698717457305,0.5132761040924306,0.6680272108843538,0.5654040404040405,0.6603256726972923,0.8979416951669049,0.1052631578947368,0.6628168951871565,0.0633166275719328,0.6569982117729516
-1.200979432868655,-1.200979432868655,1.3270119622948746,-1.0836613715876715,0,1,0,0,0,1,1,0,0,0.2906127164619309,0.4145419265412031,0.5724663140132715,0.7707482993197279,0.4397727272727272,0.4093626445204028,0.7144184462523933,0.1578947368421052,0.6932716456970589,0.086792853876516,0.391842916775091
1.4334998869766837,1.4334998869766837,-1.0702372017889004,-1.0836613715876715,1,0,0,0,0,1,1,0,0,0.2594011530280113,0.3845261698874078,0.4674036281179138,0.5319727891156463,0.3646464646464646,0.3391073801679324,0.7094252729679523,0.0,0.6158553877432349,0.0845096990677392,0.3367718382461428
1.4334998869766837,1.4334998869766837,-1.0702372017889004,-0.2745552803254753,0,1,0,0,0,1,0,0,1,0.2923299915024212,0.3827593421401299,0.5268843439251603,0.7214285714285714,0.3852272727272727,0.4750506060910829,0.8982139965918189,0.0526315789473684,0.6082401437431557,0.0371463916466486,0.4621631832753307
-1.200979432868655,-1.200979432868655,-0.2711541470943088,1.3436569021989169,0,0,1,1,0,0,0,1,0,0.3048025433506284,0.4231645028742025,0.4809227198687456,0.7180272108843537,0.4077020202020202,0.4619534014067398,0.5359851114697327,0.131578947368421,0.6630409462991335,0.0725570341075949,0.4573895119198847
-0.6155395840141352,-0.6155395840141352,-0.2711541470943088,-0.2745552803254753,0,1,0,0,1,0,0,0,1,0.3758057824202946,0.5282392050690288,0.4642235246228817,0.8414965986394558,0.5622474747474747,0.665556046604106,0.8786532143992372,0.1578947368421052,0.6680681116423914,0.0567839347692291,0.6857065377480686
-1.200979432868655,-1.200979432868655,1.3270119622948746,-0.2745552803254753,1,0,0,1,0,0,1,0,0,0.2685825803024428,0.3950418743405663,0.5355590973763242,0.7394557823129252,0.4065656565656566,0.3802233592503321,0.5069816828763578,0.1578947368421052,0.7014886113595323,0.0730349351552447,0.3430252146906077
0.2626201892676443,0.2626201892676443,-1.0702372017889004,-0.2745552803254753,0,1,0,0,1,0,0,0,1,0.3509891864231654,0.5126001296846985,0.4129556328025716,0.7156462585034015,0.6193181818181818,0.6521378322405569,0.9037060635063487,0.0789473684210526,0.6318703558965083,0.0559222367112116,0.6710441215240709
1.4334998869766837,1.4334998869766837,-0.2711541470943088,-0.2745552803254753,0,1,0,1,0,0,1,0,0,0.2108989718556403,0.3071413018618265,0.5313631700876599,0.8139455782312925,0.188510101010101,0.3126954367196977,0.3336837537394603,0.0526315789473684,0.6400614664167453,0.0455897315677346,0.2849824412120851
-1.200979432868655,-1.200979432868655,-0.2711541470943088,-0.2745552803254753,1,0,0,0,0,1,1,0,0,0.2685466174994196,0.3601643651384475,0.5122975380628442,0.6646258503401361,0.3686868686868687,0.3421019732596529,0.6611762700141395,0.131578947368421,0.6798221546556202,0.0872361179005884,0.3165927468558738
1.4334998869766837,1.4334998869766837,-0.2711541470943088,-0.2745552803254753,0,0,1,0,1,0,0,1,0,0.3115872018677847,0.4128529606112866,0.3769706295216499,0.6078231292517007,0.3410353535353535,0.4622500301508497,0.5217221614153823,0.0526315789473684,0.6016212962145595,0.083265082663575,0.4730498627086813
-1.200979432868655,-1.200979432868655,1.3270119622948746,1.3436569021989169,1,0,0,0,1,0,0,0,1,0.3592118844389915,0.5346283194461932,0.4296232107006417,0.7802721088435375,0.6113636363636363,0.7093226571465395,0.892216633061568,0.1578947368421052,0.7075526455761598,0.0626278851843553,0.7089632967453393
1.4334998869766837,1.4334998869766837,-1.0702372017889004,-1.0836613715876715,1,0,0,0,1,0,0,0,1,0.322754361799785,0.5059805348682804,0.3933673469387755,0.545578231292517,0.525,0.6415715481917456,0.8711119232450922,0.0,0.598368947633241,0.0543547039557303,0.6281897491250935
0.2626201892676443,0.2626201892676443,1.3270119622948746,1.3436569021989169,1,0,0,0,0,1,0,0,1,0.3056300388915198,0.365107215229542,0.5745921353889542,0.8176870748299321,0.3950757575757576,0.5324629667427923,0.8971606186998657,0.0526315789473684,0.6707066874412938,0.0382400511622751,0.4950858709618954
0.2626201892676443,0.2626201892676443,1.3270119622948746,-0.2745552803254753,0,0,1,0,0,1,0,0,1,0.3435504117182322,0.5159409411382249,0.4356859410430839,0.5482993197278911,0.4808080808080808,0.5982793033171382,0.8961103005094359,0.0526315789473684,0.5843948977945235,0.0576687070901308,0.5993585389525908
0.2626201892676443,0.2626201892676443,-1.0702372017889004,-1.0836613715876715,0,1,0,1,0,0,0,1,0,0.2794106028761182,0.3320050002362462,0.5289102148796027,0.7122448979591837,0.3989898989898989,0.4767339185605257,0.7118572667910484,0.0789473684210526,0.6435072395411898,0.0380730460288323,0.4484543820946041
-0.6155395840141352,-0.6155395840141352,-1.0702372017889004,-1.0836613715876715,0,1,0,1,0,0,0,0,1,0.3664040714502334,0.5281776880032449,0.513925332037577,0.6789115646258503,0.5851010101010101,0.6613920297414689,0.9307937412212292,0.0526315789473684,0.6366146278027538,0.0632202659025056,0.6574485189411899
-1.200979432868655,-1.200979432868655,1.3270119622948746,-0.2745552803254753,0,1,0,0,0,1,0,1,0,0.2853527239390782,0.314673253408044,0.5939939081244194,0.8761904761904761,0.3997474747474747,0.4356873835938439,0.896983048440581,0.2368421052631578,0.7180496253990946,0.0372966616878711,0.4251735439508002
-1.200979432868655,-1.200979432868655,-1.0702372017889004,-0.2745552803254753,0,0,1,0,0,1,0,0,1,0.3265315336840493,0.4883872831027337,0.3401643990929704,0.4054421768707483,0.3848484848484848,0.5599067750413418,0.8964517681634945,0.1052631578947368,0.6082205957591612,0.068475513210085,0.5600275924468621
-0.6155395840141352,-0.6155395840141352,-0.2711541470943088,1.3436569021989169,0,0,1,0,1,0,1,0,0,0.2572700947523116,0.3501414038822069,0.4067210142962023,0.6261904761904762,0.3522727272727273,0.378759533258923,0.453234562422925,0.1052631578947368,0.6483436234482508,0.0730217804772179,0.3438938633901532
0.2626201892676443,0.2626201892676443,-0.2711541470943088,-1.0836613715876715,0,0,1,0,0,1,0,0,1,0.3289756391729627,0.4942788470616661,0.34937641723356,0.4139455782312926,0.4141414141414141,0.5810172872442783,0.8963404554926946,0.0263157894736842,0.5633165568488063,0.0560327253448326,0.5588502500207485
0.2626201892676443,0.2626201892676443,-1.0702372017889004,-0.2745552803254753,1,0,0,1,0,0,1,0,0,0.2778849126185689,0.3783649360982813,0.4819727891156463,0.5914965986394558,0.4151515151515151,0.3845329310590965,0.4668849231951754,0.0526315789473684,0.6261387904418544,0.0768497703942503,0.3366020973085952
1.4334998869766837,1.4334998869766837,-1.0702372017889004,1.3436569021989169,0,1,0,0,1,0,0,0,1,0.2732997621808733,0.3345916037477268,0.4184153240050599,0.7622448979591837,0.2847222222222222,0.4902125874180578,0.7680786255234853,0.0526315789473684,0.62440121237566,0.0272476884492865,0.4270152897912285
0.2626201892676443,0.2626201892676443,1.3270119622948746,-1.0836613715876715,0,1,0,0,0,1,1,0,0,0.1697550588420459,0.252602422414093,0.6125924120897109,0.8755102040816326,0.2277777777777777,0.3172725608226139,0.6641412085455763,0.1052631578947368,0.6702592945852612,0.0203198207171292,0.2196266800446651
-0.6155395840141352,-0.6155395840141352,-0.2711541470943088,-0.2745552803254753,0,1,0,0,1,0,0,1,0,0.2730466117603438,0.323392792094912,0.450316283689633,0.8295918367346938,0.4166666666666667,0.3991896430504742,0.724509335343173,0.131578947368421,0.6720960230227091,0.0357339415943327,0.3776698611496785
-1.200979432868655,-1.200979432868655,-1.0702372017889004,1.3436569021989169,0,1,0,0,1,0,0,1,0,0.2888443683726446,0.3259478171224633,0.4637793406295807,0.8336734693877551,0.3954545454545455,0.4467702545467789,0.7479979074016835,0.1842105263157894,0.7013142094896807,0.0363931852460699,0.4358178763240897
1.4334998869766837,1.4334998869766837,-1.0702372017889004,-1.0836613715876715,0,0,1,0,1,0,1,0,0,0.2573445076176098,0.3364856736302694,0.414625850340136,0.5289115646258503,0.254040404040404,0.3010152576499759,0.3842885041659853,0.0526315789473684,0.5751009271925666,0.0819967076590481,0.2997868746678202
1.4334998869766837,1.4334998869766837,1.3270119622948746,-0.2745552803254753,0,1,0,0,1,0,1,0,0,0.1968013386641229,0.2446732155718024,0.4618030931424939,0.85578231292517,0.1871212121212121,0.236689162167854,0.3239032184602305,0.0789473684210526,0.6533407807342483,0.0171338679861319,0.1857153044723521
-0.6155395840141352,-0.6155395840141352,-0.2711541470943088,-1.0836613715876715,1,0,0,1,0,0,0,1,0,0.2945263172898973,0.3536376241865763,0.5310384947629846,0.7047619047619047,0.4090909090909091,0.4465407502862863,0.6283807766577229,0.0789473684210526,0.6557341619378368,0.0679101085166717,0.451428661878607
1.4334998869766837,1.4334998869766837,-0.2711541470943088,-1.0836613715876715,0,1,0,0,1,0,0,0,1,0.3104878749166215,0.3967059624821077,0.4384524300340627,0.7496598639455783,0.4726010101010101,0.578256992839703,0.8209992591229578,0.0263157894736842,0.638481339705336,0.0394460629804064,0.5065718036868204
-0.6155395840141352,-0.6155395840141352,1.3270119622948746,1.3436569021989169,0,1,0,1,0,0,0,1,0,0.2518880186336381,0.2800964461024002,0.5800685628825369,0.9629251700680272,0.3541666666666667,0.3760694185737742,0.8008224813298632,0.1842105263157894,0.6976361473425504,0.031340429150758,0.3495566085984593
-1.200979432868655,-1.200979432868655,-0.2711541470943088,1.3436569021989169,0,1,0,0,1,0,0,0,1,0.3363500238316399,0.508860150693593,0.4207222794972368,0.8166666666666667,0.5911616161616161,0.6730274313475513,0.8910558985037885,0.1578947368421052,0.7079527371261018,0.0588708143261854,0.6915762703496349
0.2626201892676443,0.2626201892676443,-0.2711541470943088,1.3436569021989169,0,0,1,0,0,1,1,0,0,0.2249478246910231,0.3089265639287771,0.5234531908001295,0.6680272108843538,0.2535353535353535,0.4035027271804376,0.7749591793651098,0.0526315789473684,0.6141696386224161,0.0442661856116682,0.3718597206821302
-1.200979432868655,-1.200979432868655,-1.0702372017889004,1.3436569021989169,1,0,0,1,0,0,0,0,1,0.3216265312262943,0.4971602785003699,0.4698979591836734,0.5374149659863945,0.4434343434343434,0.58493502494447,0.7792690304924811,0.131578947368421,0.6422165314597319,0.0570309766154395,0.58468365564431
1.4334998869766837,1.4334998869766837,1.3270119622948746,-1.0836613715876715,0,0,1,1,0,0,1,0,0,0.262645197553294,0.3414761415112951,0.3581632653061224,0.4479591836734694,0.1944444444444444,0.2953902211995053,0.3259219888718022,0.0526315789473684,0.5679472121793022,0.0711991868981771,0.2888895905160499
1.4334998869766837,1.4334998869766837,-0.2711541470943088,-1.0836613715876715,0,0,1,0,1,0,1,0,0,0.2452258157730102,0.3224709512400203,0.3780612244897959,0.4258503401360544,0.2469696969696969,0.3234049475511126,0.4048634558619233,0.0263157894736842,0.5699639879558884,0.0627767623064535,0.3112945853957115
-0.6155395840141352,-0.6155395840141352,-1.0702372017889004,-1.0836613715876715,1,0,0,0,0,1,0,0,1,0.3149340419684137,0.5100127796843994,0.4119047619047619,0.4904761904761905,0.4803030303030303,0.5923459898864752,0.897101427189305,0.0526315789473684,0.603724912231948,0.0536550881467813,0.5708068001991198
-1.200979432868655,-1.200979432868655,-1.0702372017889004,1.3436569021989169,0,1,0,0,1,0,0,0,1,0.3457750294889722,0.5267860664137788,0.4318460649164097,0.7996598639455782,0.5441919191919191,0.6350828891245407,0.8020029601757415,0.1842105263157894,0.6898847620528258,0.0590708235955037,0.6146022438597022
1.4334998869766837,1.4334998869766837,-1.0702372017889004,-0.2745552803254753,0,0,1,0,0,1,0,0,1,0.3346567920276097,0.5031929372960225,0.3883665370910269,0.5057823129251701,0.4412878787878788,0.5677407497170113,0.895005552577239,0.0263157894736842,0.5725532363006439,0.0579040710493843,0.5501661486307239
-1.200979432868655,-1.200979432868655,-0.2711541470943088,1.3436569021989169,1,0,0,1,0,0,0,1,0,0.2900029154760496,0.3246114993036339,0.5369128603822482,0.6833333333333333,0.2686868686868687,0.35653709395986,0.459601112883926,0.131578947368421,0.6773762478767343,0.0721176652780545,0.3371913107446762
1.4334998869766837,1.4334998869766837,-1.0702372017889004,-1.0836613715876715,0,0,1,1,0,0,0,0,1,0.3409718871116637,0.4979907833993222,0.3520124716553288,0.4360544217687075,0.5126262626262627,0.6026845427051621,0.7530852817513126,0.0263157894736842,0.5674556541074673,0.0613669674166689,0.5778751841645738
-0.6155395840141352,-0.6155395840141352,-0.2711541470943088,-0.2745552803254753,1,0,0,1,0,0,0,1,0,0.2951263114809989,0.3602261066418383,0.4956643451031206,0.6843537414965986,0.4321969696969697,0.4700197587446283,0.6413563117276255,0.0789473684210526,0.6557341619378368,0.0705063703976079,0.451356051289997
1.4334998869766837,1.4334998869766837,1.3270119622948746,1.3436569021989169,0,1,0,1,0,0,1,0,0,0.2052316182000296,0.2639750713431891,0.5726397218368217,0.9244897959183672,0.2898989898989899,0.2939308883188301,0.4102879231110758,0.0526315789473684,0.6571441512056451,0.0274325001573276,0.2282051415485387
0.2626201892676443,0.2626201892676443,-1.0702372017889004,-1.0836613715876715,1,0,0,1,0,0,1,0,0,0.2822290687050138,0.3921885442488217,0.4581632653061224,0.5744897959183674,0.3595959595959596,0.3944800779974992,0.4543593504405968,0.0526315789473684,0.6226151428489627,0.0815128442455554,0.357245876373563
-0.6155395840141352,-0.6155395840141352,-0.2711541470943088,-0.2745552803254753,0,0,1,0,0,1,0,0,1,0.3353782445192336,0.5076826160501984,0.464484126984127,0.5931972789115646,0.4757575757575757,0.6104407811482007,0.8947626790284446,0.0526315789473684,0.6209594827710725,0.0600465647809874,0.5597043505438514
-0.6155395840141352,-0.6155395840141352,-0.2711541470943088,1.3436569021989169,0,0,1,0,1,0,0,0,1,0.3442641017692429,0.4991383787748759,0.2835790737651482,0.5768707482993197,0.4156565656565656,0.6199167983106105,0.7756668254771891,0.0526315789473684,0.6096833081810833,0.0595254216068825,0.5719135740487317
0.2626201892676443,0.2626201892676443,-0.2711541470943088,-1.0836613715876715,0,1,0,0,0,1,1,0,0,0.3170761555433273,0.4679487842099056,0.5659939550245673,0.8006802721088435,0.4827020202020202,0.4898353959209318,0.7948088307559764,0.0789473684210526,0.6563834820135623,0.0911332034254414,0.4489456135176069
1.4334998869766837,1.4334998869766837,1.3270119622948746,1.3436569021989169,0,0,1,1,0,0,1,0,0,0.2302410721353122,0.2995147070544071,0.5440295475499557,0.7588435374149659,0.3339646464646464,0.3236889654655607,0.3992035013685623,0.0526315789473684,0.6201418391228408,0.0231466973818508,0.2545860659590639
1.4334998869766837,1.4334998869766837,1.3270119622948746,1.3436569021989169,1,0,0,0,0,1,0,0,1,0.2513523250818252,0.3049578667645321,0.5604506316375275,0.8200680272108842,0.3042929292929293,0.3990200321862041,0.8968162278798356,0.0263157894736842,0.6400790902287465,0.024648519291845,0.3466219051827859
-1.200979432868655,-1.200979432868655,-1.0702372017889004,-1.0836613715876715,0,1,0,0,1,0,0,0,1,0.35036408581904,0.5362889016472888,0.4760538818702083,0.6918367346938775,0.6444444444444444,0.6832044224159262,0.8794786640974537,0.1578947368421052,0.677573734752794,0.0650134010253165,0.7168162666606919
-0.6155395840141352,-0.6155395840141352,-1.0702372017889004,-0.2745552803254753,0,0,1,0,0,1,0,1,0,0.3033238606793539,0.4188149705471657,0.4425736961451247,0.5925170068027211,0.3569444444444444,0.4712103433847812,0.8960096613487143,0.1052631578947368,0.6164334272227553,0.0612237302885267,0.4726101072618985
1.4334998869766837,1.4334998869766837,-0.2711541470943088,-1.0836613715876715,1,0,0,0,1,0,1,0,0,0.268186807504722,0.3821670769718738,0.4092997516466904,0.6476190476190476,0.3954545454545455,0.3898399536012714,0.4399487180352056,0.0526315789473684,0.6371180519815537,0.0915680909252122,0.3940472997976844
0.2626201892676443,0.2626201892676443,-0.2711541470943088,-1.0836613715876715,1,0,0,0,1,0,0,0,1,0.3428655767015048,0.5237233093409371,0.4040478889968686,0.6680272108843538,0.5595959595959595,0.6237287515055844,0.8546484289256234,0.0526315789473684,0.6391385585455822,0.0558516605101756,0.6101493126070343
0.2626201892676443,0.2626201892676443,1.3270119622948746,-1.0836613715876715,0,0,1,0,1,0,1,0,0,0.2226814150810241,0.2899965649476044,0.3179138321995465,0.4258503401360544,0.202020202020202,0.2757687151981556,0.3208533597541585,0.0263157894736842,0.569901314602545,0.0624715901615826,0.2664922963019816
-1.200979432868655,-1.200979432868655,1.3270119622948746,1.3436569021989169,0,0,1,1,0,0,1,0,0,0.2337972333175795,0.3312595698341236,0.5160007780738178,0.6738095238095237,0.3825757575757575,0.3726033094063106,0.453726071990095,0.1842105263157894,0.670910992859329,0.0581773931815794,0.3433993893277369
-1.200979432868655,-1.200979432868655,-0.2711541470943088,-0.2745552803254753,0,0,1,0,0,1,0,1,0,0.3224794045090675,0.4708513780233093,0.4750283446712018,0.6095238095238096,0.448989898989899,0.4997918135556631,0.895652706124135,0.131578947368421,0.6311382289646555,0.0787981487414178,0.5058996966812629
1.4334998869766837,1.4334998869766837,-0.2711541470943088,1.3436569021989169,0,0,1,1,0,0,0,1,0,0.2011737738336835,0.2532659801425383,0.4943272005772006,0.7003401360544218,0.2328282828282828,0.2896722433523652,0.7791853314479037,0.0526315789473684,0.6146262623038747,0.0261392887607227,0.2427722464276241
-1.200979432868655,-1.200979432868655,1.3270119622948746,-0.2745552803254753,0,0,1,0,0,1,0,1,0,0.3331907072237559,0.4702150165799347,0.4750283446712018,0.6095238095238096,0.4097222222222222,0.5121098368906856,0.8960661456374475,0.131578947368421,0.6311382289646555,0.0763444123898441,0.5142170774337963
1.4334998869766837,1.4334998869766837,-1.0702372017889004,1.3436569021989169,1,0,0,0,0,1,1,0,0,0.2755377451011112,0.3827406626160385,0.5199546485260771,0.5829931972789115,0.3892676767676767,0.3627967084736954,0.6759389593662516,0.0,0.6080901452326831,0.0928256315443434,0.3792098356870712
0.2626201892676443,0.2626201892676443,-1.0702372017889004,-1.0836613715876715,0,0,1,0,0,1,0,0,1,0.3415071602378572,0.4937180926518069,0.3832766439909297,0.4472789115646258,0.4494949494949495,0.5796316894675173,0.895496387298968,0.0263157894736842,0.5712877996188211,0.0658025733785104,0.5880647335760192
0.2626201892676443,0.2626201892676443,1.3270119622948746,-0.2745552803254753,1,0,0,1,0,0,1,0,0,0.2644500157237052,0.3567030839960279,0.575043576038474,0.8278911564625852,0.2751262626262626,0.316951254001194,0.3776423035075034,0.1052631578947368,0.6683293992820797,0.0784076386221126,0.2934942091639753
-0.6155395840141352,-0.6155395840141352,-1.0702372017889004,-1.0836613715876715,0,1,0,0,1,0,0,1,0,0.3004954309974397,0.3609492864196804,0.4193418637296188,0.680952380952381,0.4545454545454545,0.4998075479926638,0.6813718839350622,0.0789473684210526,0.6473108869228499,0.063618539508883,0.495659428679976
-1.200979432868655,-1.200979432868655,-0.2711541470943088,-0.2745552803254753,0,0,1,1,0,0,0,0,1,0.3202748309288706,0.50173864583151,0.4011135406543569,0.4945578231292517,0.4422979797979798,0.5549791847586998,0.7489351683322457,0.131578947368421,0.6343910289549155,0.060143712436842,0.5674641545673988
-1.200979432868655,-1.200979432868655,-1.0702372017889004,1.3436569021989169,0,1,0,1,0,0,0,0,1,0.3623188169939177,0.5364911259264066,0.610371319429334,0.8159863945578232,0.6626262626262627,0.6794835214554317,0.9215932703266542,0.1578947368421052,0.6942453252267705,0.0581941102681723,0.7010217218390021
-0.6155395840141352,-0.6155395840141352,-1.0702372017889004,-0.2745552803254753,1,0,0,0,0,1,0,1,0,0.2801202633125441,0.3068663765155525,0.447562358276644,0.5448979591836735,0.2222222222222222,0.3199274443986233,0.8957909724376616,0.0526315789473684,0.6211887357680483,0.0636746617336616,0.3079322984832622
-1.200979432868655,-1.200979432868655,-0.2711541470943088,-1.0836613715876715,1,0,0,0,0,1,0,1,0,0.2930918667571884,0.317497904231561,0.5373015873015873,0.6833333333333333,0.2878787878787879,0.4408544609647662,0.8971529008256308,0.131578947368421,0.6776543602669446,0.0654938895418581,0.4140142914633987
-1.200979432868655,-1.200979432868655,1.3270119622948746,-0.2745552803254753,0,1,0,0,0,1,0,0,1,0.3505806615097181,0.5433591029999119,0.5711381947606438,0.8387755102040817,0.593939393939394,0.6995155450160161,0.8965705976384953,0.1842105263157894,0.6989033621376287,0.0578075901238982,0.7185068756077686
0.2626201892676443,0.2626201892676443,-1.0702372017889004,1.3436569021989169,0,0,1,0,1,0,1,0,0,0.2606192613073757,0.354335189278945,0.4555543212956178,0.7333333333333333,0.315530303030303,0.491762319636919,0.5779049694770947,0.0526315789473684,0.6195344968868022,0.0465208734696021,0.414579829461308
1.4334998869766837,1.4334998869766837,1.3270119622948746,-1.0836613715876715,0,1,0,0,1,0,0,0,1,0.2836954732026372,0.3232558626462434,0.4171154637375336,0.830952380952381,0.2976010101010101,0.4244940241518467,0.7708113154893119,0.0263157894736842,0.6250211092983343,0.0375913317016842,0.3914072815473391
1.4334998869766837,1.4334998869766837,1.3270119622948746,1.3436569021989169,0,1,0,0,0,1,0,1,0,0.2315754550695418,0.2627177271452429,0.6174622689042668,0.9289115646258504,0.2858585858585858,0.3326140863268317,0.8969948991808154,0.0789473684210526,0.6582096423081021,0.0234189348552311,0.2755638224136013
0.2626201892676443,0.2626201892676443,-0.2711541470943088,1.3436569021989169,1,0,0,0,0,1,0,0,1,0.3465669857604163,0.5360800561784521,0.5375836842673577,0.7258503401360545,0.567929292929293,0.7043410348203616,0.8969732627590359,0.0526315789473684,0.6473622004278221,0.0578414411044757,0.672337209756719
1.4334998869766837,1.4334998869766837,-0.2711541470943088,1.3436569021989169,0,0,1,0,1,0,0,0,1,0.2779826947620936,0.3385986704490091,0.3295009835436006,0.6414965986394557,0.3126262626262626,0.4762675040820322,0.7180909569499393,0.0526315789473684,0.596706370872624,0.0265289843300237,0.4249849116986094
-1.200979432868655,-1.200979432868655,1.3270119622948746,1.3436569021989169,1,0,0,1,0,0,0,0,1,0.3438941378678594,0.5292418100421379,0.5283851412342283,0.7496598639455783,0.5271464646464646,0.6601428257283896,0.8460773615314003,0.1578947368421052,0.6697555165298713,0.0594785980357064,0.6739224456259856
0.2626201892676443,0.2626201892676443,-1.0702372017889004,-0.2745552803254753,0,1,0,1,0,0,1,0,0,0.2956717394505228,0.4170945739703442,0.5565506866527274,0.7530612244897958,0.3529040404040404,0.4168418323566187,0.5127909379900666,0.0789473684210526,0.6442108222691304,0.0876693842556084,0.3924553587724202
1.4334998869766837,1.4334998869766837,1.3270119622948746,-1.0836613715876715,1,0,0,0,0,1,0,1,0,0.2298232242465019,0.2807931456153532,0.6221936297829155,0.8397959183673469,0.2777777777777777,0.326697838201957,0.8955759778011615,0.0526315789473684,0.6492305931811941,0.0267672658225041,0.2762405884531247
-1.200979432868655,-1.200979432868655,-1.0702372017889004,-1.0836613715876715,0,1,0,1,0,0,0,0,1,0.3668325362460953,0.526663974101778,0.5105320699708455,0.6561224489795918,0.5863636363636364,0.680374331732288,0.8820327478670515,0.131578947368421,0.6602967438586935,0.0611623372706849,0.6908804896237635
-1.200979432868655,-1.200979432868655,1.3270119622948746,-1.0836613715876715,0,0,1,0,1,0,1,0,0,0.2143537477084568,0.2742299010847949,0.3812925170068027,0.517687074829932,0.2190656565656565,0.2318559409776477,0.2939533876846932,0.0789473684210526,0.6009400496135457,0.0492191238686015,0.1983848201024984
0.2626201892676443,0.2626201892676443,-0.2711541470943088,-1.0836613715876715,0,1,0,0,1,0,0,0,1,0.3580374132309641,0.5196801201302259,0.3890048160456323,0.7462585034013606,0.6791666666666667,0.6973083111517191,0.8752949302321456,0.0789473684210526,0.6439749683734206,0.0552168878456566,0.6877762617697113
-1.200979432868655,-1.200979432868655,-0.2711541470943088,-1.0836613715876715,0,0,1,0,1,0,0,0,1,0.3177276200481823,0.4911379781489796,0.2641156462585034,0.3945578231292517,0.3181818181818182,0.5110954344036958,0.6668723203468835,0.0789473684210526,0.5707047195402686,0.063134383346205,0.5006328070247308
1.4334998869766837,1.4334998869766837,-0.2711541470943088,-0.2745552803254753,0,0,1,1,0,0,0,1,0,0.3043832854287964,0.409094665297611,0.4126943634596695,0.5874149659863946,0.3404040404040404,0.4411480995880769,0.506286224424548,0.0526315789473684,0.6016478565239486,0.0691682049179364,0.4493004467331384
0.2626201892676443,0.2626201892676443,-0.2711541470943088,-1.0836613715876715,1,0,0,1,0,0,0,0,1,0.3396136345607893,0.5244649900431892,0.4673003725299643,0.6646258503401361,0.598989898989899,0.6809006243419955,0.869170694576266,0.0526315789473684,0.6444747427031983,0.054064180457729,0.6726957689517846
0.2626201892676443,0.2626201892676443,1.3270119622948746,-0.2745552803254753,1,0,0,1,0,0,0,1,0,0.2244263738393783,0.2736238879312092,0.5578080389139023,0.8040816326530612,0.2702020202020201,0.3649898825484456,0.6611170238089592,0.0526315789473684,0.6703561522751229,0.0284578998497111,0.3215416653913998
0.2626201892676443,0.2626201892676443,-0.2711541470943088,-1.0836613715876715,1,0,0,1,0,0,0,1,0,0.2920844757131167,0.3148486088833003,0.5372331551668286,0.7598639455782313,0.4362373737373737,0.4786098836025595,0.7031712293512343,0.0526315789473684,0.6516302470224496,0.0380259600327233,0.4621633684336195
-1.200979432868655,-1.200979432868655,-1.0702372017889004,-0.2745552803254753,1,0,0,1,0,0,0,0,1,0.3341271068368639,0.5102403861007965,0.4750566893424036,0.5374149659863945,0.501010101010101,0.6289461764513031,0.817701061720727,0.0526315789473684,0.6203641522717586,0.0677448171246379,0.6374586924562617
-0.6155395840141352,-0.6155395840141352,-0.2711541470943088,1.3436569021989169,0,0,1,0,0,1,1,0,0,0.2425422767230442,0.3355553060062544,0.5302982108594353,0.7129251700680271,0.3143939393939394,0.3723048056288109,0.5911512739707192,0.0789473684210526,0.638255128011461,0.0738871683593297,0.3341023788536305
-0.6155395840141352,-0.6155395840141352,1.3270119622948746,1.3436569021989169,1,0,0,0,0,1,0,0,1,0.3590721807309559,0.5300647847631186,0.5563289840008422,0.7989795918367346,0.5813131313131313,0.6667138024899644,0.8975268308526064,0.131578947368421,0.634919549412982,0.0619812063147383,0.6762737434058114
1.4334998869766837,1.4334998869766837,-0.2711541470943088,1.3436569021989169,0,1,0,1,0,0,0,0,1,0.2559189785804067,0.298839069521926,0.5270561312548108,0.8275510204081632,0.2094696969696969,0.4289203161760692,0.7713858504709787,0.0526315789473684,0.6277120289363824,0.0250130336440445,0.3612737912112713
1.4334998869766837,1.4334998869766837,-1.0702372017889004,-0.2745552803254753,0,1,0,0,1,0,0,1,0,0.2359529968670436,0.2833184580366807,0.4634611420325706,0.7683673469387755,0.3055555555555556,0.3665215124802083,0.7129984271355595,0.0526315789473684,0.6351336040504474,0.0301275709484266,0.3381161531900939
-1.200979432868655,-1.200979432868655,-0.2711541470943088,-0.2745552803254753,1,0,0,1,0,0,0,0,1,0.3474185702630452,0.5234214435461351,0.5039115646258503,0.6588435374149659,0.4539141414141414,0.6443305251062155,0.7926468349465479,0.1052631578947368,0.6525919850558415,0.0588342316735252,0.6575953483036635
0.2626201892676443,0.2626201892676443,1.3270119622948746,-0.2745552803254753,0,1,0,1,0,0,0,1,0,0.2313435727783611,0.2749885332190088,0.5751088193308765,0.9136054421768708,0.2824494949494949,0.356831027157331,0.763708284641616,0.0789473684210526,0.6744464204023926,0.0274931143711926,0.3164820734367771
0.2626201892676443,0.2626201892676443,-0.2711541470943088,-0.2745552803254753,0,0,1,0,1,0,0,1,0,0.3037917880926813,0.4029238073434888,0.3431478781988986,0.5863945578231293,0.3113636363636364,0.4572915625535543,0.4782862857596289,0.0526315789473684,0.6118879073340631,0.0647633928936688,0.4635655291050017
0.2626201892676443,0.2626201892676443,-0.2711541470943088,-0.2745552803254753,1,0,0,0,1,0,1,0,0,0.2826509792889867,0.4152818197040507,0.4103617319943851,0.6629251700680272,0.506060606060606,0.4175564676203718,0.5100875721006499,0.0526315789473684,0.6386072723267029,0.0901813160382804,0.3932419455481717
0.2626201892676443,0.2626201892676443,1.3270119622948746,-0.2745552803254753,0,0,1,0,1,0,0,0,1,0.3280633868915694,0.5043237574787615,0.320857628765792,0.582312925170068,0.5252525252525252,0.6077340752878062,0.8507607394549995,0.0526315789473684,0.5954485808706856,0.0597104565237848,0.5845814267588811
1.4334998869766837,1.4334998869766837,1.3270119622948746,-1.0836613715876715,0,0,1,1,0,0,0,1,0,0.2973644372395106,0.406366304583415,0.3456632653061224,0.4506802721088435,0.2650252525252525,0.4273633599117182,0.44582081917295,0.0263157894736842,0.5749418066689622,0.0842596317732097,0.4130094873886983
-1.200979432868655,-1.200979432868655,-0.2711541470943088,1.3436569021989169,0,1,0,0,0,1,0,0,1,0.3482144698500632,0.5229634399569119,0.5683181331140515,0.8540816326530613,0.6589646464646465,0.7028240274571965,0.8972477156500116,0.1842105263157894,0.6857131422717662,0.0578178843844174,0.7143290614236196
-0.6155395840141352,-0.6155395840141352,1.3270119622948746,-0.2745552803254753,0,0,1,1,0,0,1,0,0,0.2294492468237876,0.3022969940984918,0.5066690962099125,0.6299319727891156,0.2877525252525252,0.2984998510908769,0.3169613780941775,0.0526315789473684,0.6202722262901278,0.0639442063132774,0.2434018722018686
-0.6155395840141352,-0.6155395840141352,1.3270119622948746,-0.2745552803254753,1,0,0,1,0,0,0,0,1,0.351344675890037,0.5433234212449194,0.5768602282182714,0.8057823129251701,0.6454545454545455,0.6865606075184968,0.8652142267550031,0.131578947368421,0.6593947461971524,0.0583618273586881,0.6686963134740368
-0.6155395840141352,-0.6155395840141352,-1.0702372017889004,-1.0836613715876715,0,0,1,1,0,0,0,1,0,0.3132334969724927,0.4206185169553805,0.3925736961451247,0.4897959183673469,0.3309343434343434,0.4585425810751791,0.4672467264610653,0.0526315789473684,0.5974160632977137,0.0728237204033712,0.4510333832253304
1.4334998869766837,1.4334998869766837,-0.2711541470943088,-0.2745552803254753,0,1,0,0,0,1,0,0,1,0.2653774821332522,0.3132740237584238,0.5832551518776009,0.7996598639455782,0.2459595959595959,0.4262933300373702,0.8970717386136271,0.0526315789473684,0.6269995995001287,0.0353275188058158,0.3763828915838045
1.4334998869766837,1.4334998869766837,1.3270119622948746,1.3436569021989169,0,0,1,1,0,0,0,1,0,0.2186446636915206,0.2541560848656765,0.5041061121418264,0.6901360544217687,0.2681818181818182,0.3165002305919961,0.7431262656615581,0.0526315789473684,0.6146262623038747,0.0268409965770413,0.2693095910728329
-1.200979432868655,-1.200979432868655,-0.2711541470943088,-1.0836613715876715,0,0,1,0,0,1,0,1,0,0.3103872176579066,0.42186004090709,0.3874716553287982,0.4530612244897959,0.3208333333333333,0.4629959744414762,0.8946345234707518,0.0789473684210526,0.6151108159032257,0.0713835354954883,0.46836939651348
-1.200979432868655,-1.200979432868655,-0.2711541470943088,-0.2745552803254753,0,1,0,0,1,0,1,0,0,0.2963920777184622,0.4113556939814314,0.4298800765376869,0.7520408163265306,0.4633838383838383,0.4489989868461111,0.5261617483980566,0.1578947368421052,0.6975389221437548,0.0958830638543406,0.4176917756831895
-0.6155395840141352,-0.6155395840141352,1.3270119622948746,-1.0836613715876715,0,1,0,0,0,1,0,0,1,0.3648100537913186,0.5292691009893713,0.5752366573825878,0.860204081632653,0.6318181818181818,0.6647264413992103,0.8968739927456424,0.131578947368421,0.6576678689853825,0.0578569276586482,0.6690333229983443
0.2626201892676443,0.2626201892676443,-1.0702372017889004,1.3436569021989169,0,0,1,1,0,0,0,1,0,0.301940089889935,0.4167659738101409,0.492408577816741,0.7316326530612245,0.4407828282828283,0.4588358214143864,0.6175165122099375,0.0789473684210526,0.6226839679901809,0.0665101061911354,0.4553703708603669
1.4334998869766837,1.4334998869766837,-1.0702372017889004,1.3436569021989169,1,0,0,1,0,0,0,1,0,0.2792358058691024,0.3239323126408178,0.4845238095238095,0.5619047619047619,0.3292929292929293,0.4512664863287414,0.6173239621163035,0.0,0.5949012075668234,0.0594604475041831,0.4347028552951919
1.4334998869766837,1.4334998869766837,1.3270119622948746,1.3436569021989169,1,0,0,0,0,1,0,1,0,0.2300011057938848,0.272384778987552,0.6190948902871172,0.8397959183673469,0.2696969696969697,0.3574309813067808,0.8954850153329257,0.0526315789473684,0.6505437975838593,0.0282069531672159,0.3178506214150735
-0.6155395840141352,-0.6155395840141352,1.3270119622948746,1.3436569021989169,1,0,0,0,1,0,0,1,0,0.2898786887526511,0.2983148836000606,0.4572006125127373,0.8534013605442178,0.3946969696969697,0.455377156398879,0.7520803759223782,0.131578947368421,0.6756770113538165,0.037822190476625,0.4315678461700557
1.4334998869766837,1.4334998869766837,-1.0702372017889004,-0.2745552803254753,0,0,1,1,0,0,1,0,0,0.241813205395426,0.3481813444315862,0.4766383219954648,0.6350340136054422,0.3743686868686868,0.3926403022177277,0.389844891813506,0.0789473684210526,0.602967929761688,0.0590457127689351,0.3193060583150188
-1.200979432868655,-1.200979432868655,-0.2711541470943088,-1.0836613715876715,1,0,0,0,1,0,0,1,0,0.277444791666099,0.3067280992543919,0.4596274700356332,0.6731292517006803,0.2424242424242424,0.3738642081983975,0.5047447173997838,0.131578947368421,0.6724407201749202,0.0665627549729755,0.3634042108462372
0.2626201892676443,0.2626201892676443,-0.2711541470943088,-0.2745552803254753,1,0,0,0,0,1,0,0,1,0.3416078410829816,0.5315656668284905,0.5254062736205594,0.6748299319727892,0.6297979797979798,0.6914891204930396,0.8956238944311291,0.0526315789473684,0.6313808085571463,0.0603334519065615,0.6826414377944152
-0.6155395840141352,-0.6155395840141352,-1.0702372017889004,1.3436569021989169,0,1,0,0,0,1,0,0,1,0.3687279639499528,0.5101201308543588,0.5346528461008464,0.7904761904761904,0.4659090909090909,0.6678811987830798,0.8940159649881437,0.1578947368421052,0.6725815498656101,0.0560283582921606,0.6398735912065764
-0.6155395840141352,-0.6155395840141352,-1.0702372017889004,-1.0836613715876715,1,0,0,1,0,0,0,1,0,0.2478253906965255,0.2736029530577485,0.4665532879818594,0.5448979591836735,0.202020202020202,0.2765348248406873,0.3395103278454431,0.0526315789473684,0.6200149793387009,0.0567360969161933,0.262507759993668
-0.6155395840141352,-0.6155395840141352,-1.0702372017889004,-0.2745552803254753,0,1,0,0,0,1,0,0,1,0.3543834217957087,0.5252448342323979,0.5362778094920951,0.7462585034013606,0.5832070707070707,0.7215166275422139,0.895258584778403,0.1578947368421052,0.657850686478196,0.0587773267901585,0.7184194136532924
0.2626201892676443,0.2626201892676443,1.3270119622948746,1.3436569021989169,0,1,0,0,1,0,0,0,1,0.2801398166588374,0.3176518459944175,0.4487812965985441,0.8642857142857143,0.2789141414141414,0.4832098857760236,0.7237054013716988,0.1052631578947368,0.6403183760172468,0.0288012800961363,0.3966543094275243
-0.6155395840141352,-0.6155395840141352,-0.2711541470943088,1.3436569021989169,1,0,0,0,1,0,0,1,0,0.2929291003090994,0.3453521513856564,0.438115889212828,0.6741496598639456,0.4646464646464646,0.4725284846955636,0.6588157151276635,0.0789473684210526,0.6514276660557649,0.0599011964216842,0.4818160764910967
0.2626201892676443,0.2626201892676443,-1.0702372017889004,-1.0836613715876715,0,1,0,1,0,0,0,0,1,0.3606199707303728,0.5227221574924079,0.4785968038008854,0.6476190476190476,0.5242424242424243,0.6763423746746455,0.8204613442265933,0.0526315789473684,0.6113380388570107,0.0614380946876906,0.674803247801588
1.4334998869766837,1.4334998869766837,-0.2711541470943088,1.3436569021989169,0,0,1,1,0,0,1,0,0,0.2117822622401373,0.2762411753340487,0.5180150631681244,0.6884353741496598,0.2635101010101009,0.3357469236667524,0.462048436862145,0.0526315789473684,0.5944918598793667,0.0205443817666898,0.2982280449281411
0.2626201892676443,0.2626201892676443,1.3270119622948746,-1.0836613715876715,0,0,1,1,0,0,1,0,0,0.198991048676627,0.2566609899493076,0.436281179138322,0.5006802721088435,0.1683080808080808,0.2394754042624401,0.2618379005753862,0.0263157894736842,0.5749007172491458,0.0580066931567993,0.2513178440890742
1.4334998869766837,1.4334998869766837,1.3270119622948746,-1.0836613715876715,0,0,1,0,1,0,0,1,0,0.3106664037704467,0.4167686016432405,0.3639455782312925,0.4710884353741496,0.3300505050505051,0.4748625527539669,0.4940577237092657,0.0263157894736842,0.5749072300738687,0.0875322142397315,0.4343296813583994
-0.6155395840141352,-0.6155395840141352,-1.0702372017889004,-1.0836613715876715,0,0,1,1,0,0,0,0,1,0.3122445195913314,0.4685608708608217,0.3520975056689342,0.4020408163265306,0.3396464646464646,0.5166649340978071,0.698277741746327,0.0526315789473684,0.5561625028924801,0.0583782638189813,0.4928371529532758
1.4334998869766837,1.4334998869766837,-1.0702372017889004,-0.2745552803254753,0,1,0,1,0,0,1,0,0,0.2023272291251591,0.3107292489521752,0.522352165974615,0.7513605442176872,0.2948232323232323,0.2766451845746233,0.4188657215854618,0.0263157894736842,0.623241530746904,0.0387407396865115,0.2785465966272246
1.4334998869766837,1.4334998869766837,-0.2711541470943088,-0.2745552803254753,0,1,0,0,0,1,0,1,0,0.2173963200620242,0.2590193335938414,0.5797289296215182,0.8346938775510204,0.1848484848484848,0.3307960497672871,0.8990268068387253,0.0526315789473684,0.6457152852266794,0.027348587763568,0.2796474100444641
-0.6155395840141352,-0.6155395840141352,-0.2711541470943088,-0.2745552803254753,0,0,1,0,0,1,0,1,0,0.3166972079447337,0.4217233237653084,0.4418367346938775,0.6129251700680273,0.3508838383838384,0.4880606172967868,0.8930914141656124,0.1052631578947368,0.6152207611704761,0.0689378190313515,0.4805328545217985
1.4334998869766837,1.4334998869766837,-0.2711541470943088,1.3436569021989169,0,0,1,0,1,0,1,0,0,0.2103166597655841,0.2938939672438172,0.4145150956083223,0.7139455782312926,0.2960858585858586,0.3488869555836592,0.4719199866918885,0.0526315789473684,0.6036863294138906,0.0338621437112729,0.3143496562151919
0.2626201892676443,0.2626201892676443,-1.0702372017889004,1.3436569021989169,0,0,1,0,0,1,0,1,0,0.2928933469312531,0.3858800751386001,0.5099842079689019,0.7316326530612245,0.4141414141414141,0.440801050625236,0.89476428444522,0.0789473684210526,0.6226839679901809,0.0605285599833312,0.4389434869754811
0.2626201892676443,0.2626201892676443,1.3270119622948746,-0.2745552803254753,1,0,0,0,0,1,1,0,0,0.2712924692886216,0.3567309996643467,0.5493652417121805,0.7632653061224489,0.3727272727272727,0.4295339834802246,0.6951712428612925,0.0789473684210526,0.6614554513101014,0.0717623415164927,0.3423894784882206
-0.6155395840141352,-0.6155395840141352,-0.2711541470943088,1.3436569021989169,1,0,0,1,0,0,0,0,1,0.3413109449403626,0.5241248033154835,0.5444795378468847,0.7241496598639456,0.5654040404040405,0.6766071890355483,0.8330109399475623,0.0789473684210526,0.650830674084787,0.0632236996552406,0.685821511740537
-0.6155395840141352,-0.6155395840141352,-1.0702372017889004,-0.2745552803254753,0,0,1,1,0,0,1,0,0,0.2276572032059941,0.2824667592937375,0.4724125364431487,0.5840136054421768,0.257449494949495,0.2905653094294712,0.3513508436409756,0.0789473684210526,0.616398620942709,0.063615229699723,0.2441735578812124
-1.200979432868655,-1.200979432868655,-1.0702372017889004,-1.0836613715876715,0,0,1,0,1,0,1,0,0,0.2395534196496009,0.3030167770962442,0.4198696145124716,0.5238095238095238,0.2828282828282829,0.3188431159220453,0.3351357148496512,0.0789473684210526,0.5965779854864168,0.0486129934880857,0.2592458282959437
-1.200979432868655,-1.200979432868655,-0.2711541470943088,1.3436569021989169,0,1,0,0,1,0,0,1,0,0.2758548483252525,0.3276547980320397,0.4627852028544374,0.8574829931972789,0.3560606060606061,0.4156725314005164,0.718837444366048,0.1842105263157894,0.7124332065160687,0.0370222095781241,0.4339396553671077
0.2626201892676443,0.2626201892676443,1.3270119622948746,-1.0836613715876715,1,0,0,0,1,0,0,0,1,0.3050226005060332,0.3556660697858392,0.445782372778171,0.8244897959183674,0.3503787878787879,0.5215158531984075,0.7574959829232345,0.0526315789473684,0.6693869741080799,0.0352095952311884,0.4950992113758463
-0.6155395840141352,-0.6155395840141352,1.3270119622948746,-1.0836613715876715,0,1,0,0,1,0,0,0,1,0.3640241825154849,0.5293147127986186,0.4902043301561529,0.8908163265306123,0.6568181818181819,0.7265112596727111,0.9082163466047496,0.1052631578947368,0.674659089283797,0.0580867750647293,0.7319157383299546
1.4334998869766837,1.4334998869766837,-1.0702372017889004,-1.0836613715876715,0,1,0,1,0,0,1,0,0,0.2973527437022754,0.4540628037327764,0.5196644530828205,0.6629251700680272,0.453030303030303,0.4284734998434784,0.5334380680980394,0.0526315789473684,0.6337987678510931,0.0755267667094614,0.3766078643981418
1.4334998869766837,1.4334998869766837,-0.2711541470943088,-0.2745552803254753,0,0,1,0,0,1,0,0,1,0.3358814312730516,0.5031779322630375,0.4191083576287658,0.539795918367347,0.4122474747474747,0.5680338721582672,0.872728684953258,0.0526315789473684,0.579723081793152,0.0589687625487792,0.5729884388287734
0.2626201892676443,0.2626201892676443,-0.2711541470943088,1.3436569021989169,1,0,0,0,1,0,0,1,0,0.3003472398434366,0.3258471801712799,0.4240936453946657,0.7598639455782313,0.4686868686868687,0.4622295761708599,0.6909934863795449,0.0526315789473684,0.6530722111105066,0.0426138473157328,0.4396978796321381
-1.200979432868655,-1.200979432868655,-1.0702372017889004,1.3436569021989169,1,0,0,0,1,0,0,0,1,0.3059277471474238,0.4914036252880976,0.399234693877551,0.4948979591836734,0.3888888888888889,0.5414319460125667,0.7576919896376785,0.0789473684210526,0.5781512384487929,0.0573200957640206,0.5338841336081291
0.2626201892676443,0.2626201892676443,-1.0702372017889004,1.3436569021989169,1,0,0,0,0,1,1,0,0,0.2571745693683624,0.3776800735247426,0.4683106575963719,0.5608843537414966,0.3897727272727272,0.3902352500932131,0.6949694395893481,0.0526315789473684,0.6221993923949539,0.0635232794100002,0.3556608063491393
-1.200979432868655,-1.200979432868655,1.3270119622948746,1.3436569021989169,0,1,0,0,1,0,0,1,0,0.2393442488993916,0.30069176587418,0.4573423624639111,0.9187074829931972,0.2482323232323232,0.3498610060910508,0.5554036989457382,0.2105263157894736,0.7205906275147559,0.0321627724818686,0.316583140306978
1.4334998869766837,1.4334998869766837,-1.0702372017889004,-1.0836613715876715,0,1,0,0,1,0,0,1,0,0.2668341303297451,0.3131550979100194,0.4612001943634597,0.7098639455782313,0.358080808080808,0.4227972900818694,0.6473724628290317,0.0263157894736842,0.6215779635237043,0.0355673600007679,0.4017747564386645
1.4334998869766837,1.4334998869766837,-0.2711541470943088,1.3436569021989169,0,1,0,1,0,0,0,1,0,0.2259255668946674,0.2594123685959351,0.5609446831264768,0.8642857142857143,0.2462121212121212,0.3424849652930137,0.7281942477511864,0.0526315789473684,0.6490247278360917,0.0265077164507825,0.298139983218744
0.2626201892676443,0.2626201892676443,-1.0702372017889004,1.3436569021989169,0,0,1,1,0,0,0,0,1,0.2938165866902896,0.3912914024995092,0.5012939668041709,0.6697278911564627,0.3608585858585859,0.4651776702327329,0.7208557828929042,0.0526315789473684,0.5841393058996424,0.0371348584705293,0.4258205183289643
-1.200979432868655,-1.200979432868655,1.3270119622948746,1.3436569021989169,0,0,1,0,1,0,0,0,1,0.3283995092766625,0.5034439635527236,0.3076988565433943,0.6534013605442177,0.4396464646464646,0.5782695119747928,0.8408072463187273,0.131578947368421,0.637312245764479,0.0586083240122005,0.5839984965072387
-1.200979432868655,-1.200979432868655,-1.0702372017889004,-1.0836613715876715,0,1,0,1,0,0,0,1,0,0.280110250711441,0.3284072686470168,0.5372367994816974,0.6646258503401361,0.2784090909090909,0.4253263942499856,0.5521238495785898,0.131578947368421,0.6783029605615417,0.0688951472261249,0.4405776074651249
0.2626201892676443,0.2626201892676443,-1.0702372017889004,1.3436569021989169,0,0,1,0,1,0,0,1,0,0.2716469265307699,0.3553877341297201,0.3730438340749834,0.7316326530612245,0.3383838383838383,0.4329241221667106,0.5961599384457804,0.0789473684210526,0.6236654670873248,0.0475318031727624,0.4219948862551828
0.2626201892676443,0.2626201892676443,1.3270119622948746,-0.2745552803254753,0,1,0,0,0,1,0,1,0,0.2328475863592964,0.2798904528560699,0.6067276742531844,0.9034013605442176,0.2954545454545454,0.3348798114316346,0.8971752656862167,0.0789473684210526,0.6717829392255702,0.0290152053685449,0.312455423539267
-0.6155395840141352,-0.6155395840141352,-1.0702372017889004,-1.0836613715876715,1,0,0,0,1,0,1,0,0,0.2165236251694815,0.2901739208285949,0.3822845804988662,0.4785714285714285,0.2055555555555555,0.2134711948231438,0.2936238376341256,0.0526315789473684,0.6231941402780766,0.0660620071335522,0.2121845020743346
1.4334998869766837,1.4334998869766837,-1.0702372017889004,1.3436569021989169,1,0,0,0,1,0,0,0,1,0.3286991332258496,0.5176915347846003,0.3965986394557823,0.5659863945578232,0.4131313131313131,0.6287720583108398,0.8207905771529961,0.0,0.5708433323163579,0.0592313158744454,0.6088961153730339
0.2626201892676443,0.2626201892676443,1.3270119622948746,-0.2745552803254753,0,0,1,1,0,0,0,1,0,0.2951507281831332,0.3947790423237496,0.4245707806932297,0.5863945578231293,0.309469696969697,0.4661265326241957,0.5145439827311202,0.0526315789473684,0.611910128686453,0.0643466093474507,0.4558111071255472
0.2626201892676443,0.2626201892676443,1.3270119622948746,1.3436569021989169,1,0,0,1,0,0,0,0,1,0.2839118562425886,0.3520240360440125,0.5602810171687723,0.7870748299319729,0.3503787878787879,0.5053383321610605,0.7653502876125277,0.0526315789473684,0.6463189378140315,0.0354896753873132,0.4608274670226708
-0.6155395840141352,-0.6155395840141352,-0.2711541470943088,-0.2745552803254753,0,1,0,0,0,1,0,0,1,0.3675441199115344,0.533662882459755,0.5259231266248547,0.7860544217687074,0.6696969696969698,0.7105878365401596,0.8951501208300522,0.131578947368421,0.6711619646030003,0.0636223948317078,0.6986850692876504
0.2626201892676443,0.2626201892676443,-1.0702372017889004,1.3436569021989169,0,0,1,0,0,1,1,0,0,0.2702064906699316,0.3708255273636625,0.5084571465949017,0.6653061224489796,0.347979797979798,0.3910209960388555,0.6752122810968525,0.0526315789473684,0.6131596799476612,0.0686901885873538,0.3731912049734646
0.2626201892676443,0.2626201892676443,-0.2711541470943088,-1.0836613715876715,0,0,1,0,1,0,0,0,1,0.3331324990306581,0.485613975897205,0.2960600907029478,0.4064625850340136,0.4101010101010101,0.5596324855800178,0.7158514121770471,0.0263157894736842,0.5566743108876785,0.0596724459585642,0.5683102578779068
-0.6155395840141352,-0.6155395840141352,1.3270119622948746,-0.2745552803254753,0,1,0,0,1,0,1,0,0,0.2989352738005774,0.4497593143501378,0.4782209802931478,0.888095238095238,0.5,0.5055334383142367,0.5735897905765645,0.131578947368421,0.6856619815201292,0.0861011401726919,0.4321164632737143
0.2626201892676443,0.2626201892676443,-1.0702372017889004,1.3436569021989169,0,0,1,0,1,0,0,0,1,0.2862370833754539,0.37236865232669,0.3471393241559729,0.6996598639455782,0.3973484848484849,0.5021805613407576,0.8207183260528836,0.0789473684210526,0.6105983721621455,0.0356959166910495,0.4550629032282937
1.4334998869766837,1.4334998869766837,-1.0702372017889004,-0.2745552803254753,1,0,0,1,0,0,1,0,0,0.3034813768523079,0.4395747865089442,0.44359410430839,0.5251700680272109,0.3575757575757576,0.4433462877910745,0.5061900774088766,0.0,0.6113123416960523,0.0879279741041433,0.4301777001065725
-0.6155395840141352,-0.6155395840141352,-1.0702372017889004,1.3436569021989169,1,0,0,0,0,1,0,1,0,0.2739617975269045,0.3001224079696096,0.4455215419501134,0.5346938775510204,0.2525252525252525,0.3552645107693919,0.8961061624970702,0.0526315789473684,0.6187980240425046,0.0630103503777538,0.3480976275556138
1.4334998869766837,1.4334998869766837,1.3270119622948746,-1.0836613715876715,0,1,0,0,0,1,0,0,1,0.2678438031247683,0.3109014181373963,0.6370233741906324,0.8659863945578231,0.2223484848484848,0.4573252182840587,0.8970932978621247,0.0526315789473684,0.6550860795093791,0.0233271162489132,0.38275371605634
0.2626201892676443,0.2626201892676443,-1.0702372017889004,-1.0836613715876715,1,0,0,0,0,1,1,0,0,0.2827538237401417,0.3805434191141603,0.5151360544217687,0.6068027210884354,0.3393939393939393,0.3499798913137961,0.7736325257002332,0.0526315789473684,0.6216190645744141,0.0848008619326953,0.3418311440567814
-0.6155395840141352,-0.6155395840141352,-1.0702372017889004,1.3436569021989169,1,0,0,0,1,0,0,0,1,0.3417690364377839,0.5194972630421621,0.4129818594104308,0.5108843537414967,0.4189393939393939,0.5884882986712034,0.8586254507128614,0.0789473684210526,0.6274093001614633,0.0638144607812996,0.5980190292801005
0.2626201892676443,0.2626201892676443,-0.2711541470943088,-1.0836613715876715,0,1,0,1,0,0,0,1,0,0.2517872783541679,0.3005133567990536,0.5676344347262714,0.8244897959183674,0.3333333333333333,0.3887060464224479,0.6190993245543601,0.0789473684210526,0.6686662604090624,0.0263287075103038,0.334053703566713
1.4334998869766837,1.4334998869766837,1.3270119622948746,1.3436569021989169,1,0,0,0,1,0,1,0,0,0.202230917087623,0.2742823594771351,0.4428451793871645,0.823469387755102,0.2568181818181818,0.2335246131085433,0.3048995332028911,0.0526315789473684,0.6501812441044601,0.0400514847638512,0.2073610750017025
1.4334998869766837,1.4334998869766837,-1.0702372017889004,-1.0836613715876715,0,1,0,1,0,0,0,1,0,0.2660449966788291,0.3171798206333266,0.5197127739984883,0.7098639455782313,0.3638888888888889,0.3811971809609308,0.7035160637441247,0.0263157894736842,0.6221570926975005,0.0354751294150713,0.3702443980850368
-0.6155395840141352,-0.6155395840141352,-1.0702372017889004,-0.2745552803254753,0,0,1,1,0,0,0,0,1,0.3362395337649754,0.5133923731032,0.4262532393909945,0.5346938775510204,0.3694444444444444,0.5737046836288847,0.7273772535585158,0.1052631578947368,0.6046992478852683,0.0630009212237584,0.5707636610411678
1.4334998869766837,1.4334998869766837,1.3270119622948746,-0.2745552803254753,0,0,1,0,1,0,0,1,0,0.3075397335631507,0.4226089606849331,0.3887944066515495,0.6078231292517007,0.3357323232323232,0.4665459102381597,0.5000279619930855,0.0526315789473684,0.603013494385615,0.0863201160629493,0.4605459303251326
-1.200979432868655,-1.200979432868655,-1.0702372017889004,-0.2745552803254753,0,1,0,0,0,1,0,1,0,0.275017622411251,0.3463968206334291,0.590707931524258,0.7700680272108844,0.4507575757575757,0.4659722246466644,0.8953442744999575,0.1842105263157894,0.68873489813119,0.0432842185854373,0.4652130035085769
-1.200979432868655,-1.200979432868655,-1.0702372017889004,-0.2745552803254753,0,1,0,0,1,0,0,0,1,0.3496292190892355,0.5199632920565609,0.4225727786952277,0.7163265306122449,0.5157828282828283,0.6319743230381608,0.8706597954208458,0.1578947368421052,0.6418047408309292,0.0644085296582747,0.6442608397776116
-0.6155395840141352,-0.6155395840141352,-1.0702372017889004,-1.0836613715876715,0,0,1,0,0,1,0,0,1,0.311069688626698,0.4735514511375618,0.310374149659864,0.3537414965986394,0.3323232323232323,0.5297114354344256,0.8979658895487375,0.0526315789473684,0.5557229787995186,0.0618971416428188,0.5146564496068513
-0.6155395840141352,-0.6155395840141352,1.3270119622948746,-0.2745552803254753,0,0,1,1,0,0,0,1,0,0.3068665553416524,0.4250043801008459,0.4508503401360544,0.6129251700680273,0.4047979797979797,0.4948806946263941,0.5039843218859945,0.1052631578947368,0.6164334272227553,0.0719429620588814,0.4937325312316497
0.2626201892676443,0.2626201892676443,-0.2711541470943088,1.3436569021989169,1,0,0,1,0,0,0,0,1,0.3350273062075887,0.5352224187451484,0.5009637188208617,0.6986394557823129,0.6160353535353535,0.684961463583786,0.8541934631524297,0.0526315789473684,0.628142491854224,0.0596950367059489,0.6756269534201322
1.4334998869766837,1.4334998869766837,1.3270119622948746,1.3436569021989169,0,1,0,1,0,0,0,0,1,0.2629762749586786,0.307677208958495,0.5540834614945802,0.895578231292517,0.301010101010101,0.3711265064971858,0.7085303251694616,0.0526315789473684,0.6333357181449402,0.0252235338311143,0.2850590145522277
1.4334998869766837,1.4334998869766837,-0.2711541470943088,1.3436569021989169,0,0,1,0,0,1,0,0,1,0.2656304921422685,0.3418632218063399,0.5347212773998489,0.7282312925170067,0.2963383838383838,0.4860747809382887,0.8973591517922892,0.0789473684210526,0.6208316138738655,0.0261793512145868,0.4084841379833663
1.4334998869766837,1.4334998869766837,1.3270119622948746,-1.0836613715876715,0,1,0,0,0,1,0,1,0,0.2249533354810305,0.276758436241123,0.6178478007825765,0.8653061224489795,0.202020202020202,0.3153135604046108,0.8978175589942672,0.0526315789473684,0.6467992575949186,0.0292927273976288,0.2738247826141117
-1.200979432868655,-1.200979432868655,1.3270119622948746,-1.0836613715876715,0,0,1,0,0,1,0,1,0,0.3076916029197828,0.4093174981781375,0.3664399092970521,0.4326530612244897,0.3309343434343434,0.4656252755122959,0.8950931630510892,0.0789473684210526,0.6151108159032257,0.0720382547456274,0.4669660129861776
0.2626201892676443,0.2626201892676443,-1.0702372017889004,1.3436569021989169,1,0,0,1,0,0,1,0,0,0.2541955068707466,0.3613436328595253,0.4930839002267573,0.5914965986394558,0.3386363636363637,0.3915198684298736,0.4309604763971098,0.0526315789473684,0.6290695454622,0.0724074425849628,0.3391610457953756
1.4334998869766837,1.4334998869766837,-1.0702372017889004,1.3436569021989169,0,0,1,1,0,0,1,0,0,0.2242134621313639,0.3158662217846161,0.506205878399756,0.7187074829931973,0.246590909090909,0.3834736850186988,0.4222282336550415,0.0526315789473684,0.6122095687705403,0.0313683545671181,0.319322930520895
-0.6155395840141352,-0.6155395840141352,-1.0702372017889004,-0.2745552803254753,0,1,0,1,0,0,0,1,0,0.293704513992582,0.3440066532242249,0.5382225861817699,0.773469387755102,0.448989898989899,0.4691648898615467,0.6875508251416613,0.131578947368421,0.6579070671883902,0.0480091839664846,0.4592225339100424
0.2626201892676443,0.2626201892676443,1.3270119622948746,-0.2745552803254753,0,1,0,1,0,0,1,0,0,0.1399984268631253,0.1987125417068643,0.5924094778828586,0.8870748299319728,0.1824494949494949,0.2090114838164524,0.248613528299417,0.1052631578947368,0.6675567575360235,0.011372290979441,0.1626869216761203
0.2626201892676443,0.2626201892676443,-0.2711541470943088,-0.2745552803254753,0,1,0,1,0,0,0,0,1,0.295333937874862,0.3922839349997434,0.5486228306045706,0.8387755102040817,0.394570707070707,0.4796375510871787,0.7701997750368901,0.1052631578947368,0.6464259227941657,0.0384846508149607,0.4350835316692412
1.4334998869766837,1.4334998869766837,-0.2711541470943088,-0.2745552803254753,1,0,0,0,0,1,0,0,1,0.3465882752622876,0.5240641628394276,0.5320416261742792,0.6935374149659864,0.5522727272727274,0.6420604917781774,0.8976134489477713,0.0263157894736842,0.6150224419527787,0.0585276077515425,0.6423114501426466
0.2626201892676443,0.2626201892676443,-0.2711541470943088,-1.0836613715876715,1,0,0,1,0,0,1,0,0,0.2817094364762306,0.3999849232820309,0.50842349638268,0.7020408163265306,0.3666666666666666,0.4556773014878954,0.5034976883770045,0.0526315789473684,0.6507082507255767,0.0842592378328367,0.4172486938013165
1.4334998869766837,1.4334998869766837,-0.2711541470943088,1.3436569021989169,0,1,0,1,0,0,1,0,0,0.1620164409279822,0.2387384358452605,0.5949396727833103,0.8608843537414965,0.1066919191919192,0.2154789669208714,0.2804816218512133,0.0789473684210526,0.6513775437776166,0.022587989469741,0.1510667600373482
-1.200979432868655,-1.200979432868655,-1.0702372017889004,1.3436569021989169,0,0,1,1,0,0,0,0,1,0.357164730983121,0.5117770991794401,0.4490937303437303,0.6534013605442177,0.4955808080808081,0.6656407539269806,0.8252233140872947,0.1052631578947368,0.6430043531130717,0.0626767363042477,0.6675966615925994
-0.6155395840141352,-0.6155395840141352,-1.0702372017889004,-0.2745552803254753,1,0,0,0,1,0,1,0,0,0.2376853036454745,0.3469651360662341,0.4275226757369615,0.5636054421768708,0.295959595959596,0.3823247493051673,0.4113271143337866,0.0789473684210526,0.642993191731307,0.0691039101039769,0.3377632683114012
-1.200979432868655,-1.200979432868655,-0.2711541470943088,-0.2745552803254753,0,1,0,1,0,0,0,1,0,0.2907680517860821,0.3347874823734891,0.569144040011387,0.8149659863945578,0.3917929292929293,0.5003286469303938,0.6909949678621099,0.1842105263157894,0.6997461498231203,0.0359346982839549,0.4872168712689605
-1.200979432868655,-1.200979432868655,-0.2711541470943088,-1.0836613715876715,1,0,0,0,0,1,1,0,0,0.2813767851676259,0.3910946643233917,0.5424279235503725,0.6629251700680272,0.4308080808080808,0.3766929302508338,0.729306887346402,0.1578947368421052,0.6863225925099501,0.0855742084473603,0.334911212388222
0.2626201892676443,0.2626201892676443,1.3270119622948746,-1.0836613715876715,1,0,0,1,0,0,0,1,0,0.2114921818886484,0.2705681072203671,0.5649240432103577,0.8142857142857143,0.2319444444444444,0.3024938889239225,0.677382971595701,0.0526315789473684,0.6693532937673727,0.0270209102351165,0.2539690907886913
-0.6155395840141352,-0.6155395840141352,1.3270119622948746,-0.2745552803254753,1,0,0,0,1,0,0,1,0,0.2706749896918024,0.3101886184743342,0.4587075833832957,0.8534013605442178,0.3469696969696969,0.4280293741324242,0.7090631201370463,0.131578947368421,0.676778452569913,0.0397904808152108,0.433821159186551
-0.6155395840141352,-0.6155395840141352,1.3270119622948746,-1.0836613715876715,1,0,0,1,0,0,0,0,1,0.3461540958711079,0.5422988831876332,0.5942933761361132,0.8295918367346938,0.594570707070707,0.6870167228608238,0.8909654309228062,0.131578947368421,0.678343696136496,0.0596132293821302,0.6962409252690088
-0.6155395840141352,-0.6155395840141352,-1.0702372017889004,1.3436569021989169,0,1,0,0,1,0,0,0,1,0.3507593465702874,0.5237272618437819,0.4219699350105425,0.7605442176870748,0.6218434343434343,0.6554078504424222,0.8631200649783325,0.1578947368421052,0.6692717644759564,0.0523685083235686,0.631467019401915
0.2626201892676443,0.2626201892676443,-1.0702372017889004,1.3436569021989169,0,1,0,1,0,0,0,1,0,0.2421615762369973,0.2838094349982671,0.5586906366703395,0.8404761904761904,0.2827020202020202,0.3824642286995401,0.7478605011501349,0.1052631578947368,0.6545492374983499,0.0302786173537917,0.3445879631235605
-1.200979432868655,-1.200979432868655,-0.2711541470943088,-0.2745552803254753,0,0,1,1,0,0,0,1,0,0.3265820092388561,0.4484605545783838,0.4706349206349206,0.6095238095238096,0.4147727272727273,0.5012903343005949,0.5271960416543879,0.131578947368421,0.6311382289646555,0.0830081982255392,0.5022824696439858
-0.6155395840141352,-0.6155395840141352,1.3270119622948746,1.3436569021989169,0,1,0,0,0,1,0,1,0,0.2461999005505016,0.281321084504032,0.5830406203576195,0.942517006802721,0.3150252525252525,0.3808869777438987,0.8984782453373867,0.1842105263157894,0.6976361473425504,0.0293156995771761,0.3520661011772173
-1.200979432868655,-1.200979432868655,-0.2711541470943088,-1.0836613715876715,1,0,0,1,0,0,1,0,0,0.2803229526962552,0.3938202294926734,0.5216634272756722,0.6724489795918368,0.3828282828282828,0.3823328401667202,0.4911658010765677,0.131578947368421,0.6851722598810529,0.0815545475982713,0.3314735116007863
-1.200979432868655,-1.200979432868655,-1.0702372017889004,-0.2745552803254753,0,1,0,1,0,0,1,0,0,0.2607236140540668,0.3874755724410059,0.5516277939747327,0.7139455782312926,0.3554292929292929,0.3836717593762869,0.5171687432809268,0.131578947368421,0.6746116019992112,0.0569065961350106,0.3377383427402665
1.4334998869766837,1.4334998869766837,1.3270119622948746,-1.0836613715876715,0,1,0,0,0,1,1,0,0,0.1381907884563718,0.1739379094748077,0.6076022519967202,0.8659863945578231,0.1748737373737373,0.2113765732503659,0.6067083796005671,0.0789473684210526,0.6489558649033063,0.0133129929783452,0.1676176781982553
0.2626201892676443,0.2626201892676443,-0.2711541470943088,-1.0836613715876715,0,0,1,0,0,1,1,0,0,0.2356441702587263,0.3121552564221279,0.4358276643990929,0.4724489795918367,0.2075757575757575,0.2675779715059851,0.6544532676479231,0.0526315789473684,0.5805962554323365,0.0720449363651809,0.2371008646845264
-0.6155395840141352,-0.6155395840141352,1.3270119622948746,-1.0836613715876715,0,0,1,1,0,0,0,1,0,0.2971960913709232,0.3995203209519027,0.3942743764172335,0.4897959183673469,0.3056818181818181,0.4287410553606567,0.4799935579570592,0.0526315789473684,0.5995441845975967,0.0635191682215302,0.417293686858764
0.2626201892676443,0.2626201892676443,1.3270119622948746,-1.0836613715876715,0,1,0,1,0,0,0,1,0,0.2413967869111469,0.283412578241788,0.5670929508058272,0.8687074829931973,0.2545454545454546,0.3508567717495474,0.8066722999846873,0.0789473684210526,0.6739753187423819,0.0270707949010325,0.3113935293436706
-0.6155395840141352,-0.6155395840141352,-0.2711541470943088,-1.0836613715876715,0,1,0,1,0,0,0,1,0,0.2988940935049737,0.3211302299883794,0.5424019149784456,0.7693877551020408,0.4898989898989899,0.4619388734622551,0.7305424113971337,0.1052631578947368,0.6694718478516585,0.0463301709099038,0.4583573045553845
0.2626201892676443,0.2626201892676443,-1.0702372017889004,-1.0836613715876715,1,0,0,0,1,0,0,1,0,0.2727041831612586,0.3138529220819989,0.3854308390022675,0.5619047619047619,0.2828282828282829,0.364216338222551,0.4940879108494846,0.0526315789473684,0.6132737973961655,0.0623923290268986,0.3432093444210419
-0.6155395840141352,-0.6155395840141352,-0.2711541470943088,-0.2745552803254753,1,0,0,1,0,0,0,0,1,0.3423285835555621,0.5290361786460984,0.5352715689450384,0.730952380952381,0.6060606060606061,0.6846757036825913,0.8396747272151213,0.131578947368421,0.6460463720065377,0.0580535667517695,0.6654343221812838
1.4334998869766837,1.4334998869766837,1.3270119622948746,-1.0836613715876715,0,1,0,0,1,0,1,0,0,0.1607091033458709,0.2544758073976534,0.4482097262288549,0.8598639455782313,0.130050505050505,0.1600285637432731,0.2232929372694343,0.0789473684210526,0.6487569474112438,0.0209552363882617,0.1064911714368436
1.4334998869766837,1.4334998869766837,1.3270119622948746,-1.0836613715876715,0,1,0,1,0,0,0,0,1,0.2693360533033098,0.333736646482094,0.5419364690598184,0.813265306122449,0.301010101010101,0.3853916530749507,0.727196606141515,0.0263157894736842,0.6159396086222074,0.0241493872733563,0.357075501702047
0.2626201892676443,0.2626201892676443,-1.0702372017889004,-1.0836613715876715,0,0,1,1,0,0,0,0,1,0.314012869128159,0.4837180149645887,0.3142857142857143,0.3724489795918367,0.3156565656565656,0.5615127784535042,0.6784106643924315,0.0263157894736842,0.5587350228376089,0.0600300205079733,0.5279849805252879
0.2626201892676443,0.2626201892676443,-1.0702372017889004,-0.2745552803254753,0,1,0,0,1,0,0,1,0,0.250634450997625,0.30416546226034,0.4156126281126281,0.7571428571428571,0.2498737373737374,0.3793468084232216,0.6863648095791965,0.0789473684210526,0.6495083936464155,0.0319111839115484,0.3387240556312392
-0.6155395840141352,-0.6155395840141352,-1.0702372017889004,-1.0836613715876715,0,1,0,0,0,1,0,1,0,0.3038058324371065,0.3579115938857222,0.5067649281934996,0.691156462585034,0.4337121212121212,0.5174304488232895,0.8961743503088998,0.0789473684210526,0.6514052821649143,0.0636798480362025,0.5113780101683646
-0.6155395840141352,-0.6155395840141352,-1.0702372017889004,-0.2745552803254753,0,1,0,1,0,0,0,0,1,0.3490994083029883,0.5157580225606335,0.4986546711036506,0.7326530612244898,0.495959595959596,0.6263606708846081,0.8721895012092621,0.1578947368421052,0.6437968564958748,0.0541812076242238,0.6057611565565117
-1.200979432868655,-1.200979432868655,1.3270119622948746,-0.2745552803254753,0,0,1,0,0,1,1,0,0,0.1944217461347579,0.2545068701495128,0.488265306122449,0.5806122448979592,0.2565656565656565,0.2914969755205631,0.64805510659338,0.1052631578947368,0.6127120025273093,0.0341779492103873,0.2040746837682801
-1.200979432868655,-1.200979432868655,-1.0702372017889004,-1.0836613715876715,1,0,0,0,1,0,0,1,0,0.2855794228400503,0.3278733575985605,0.4468480725623583,0.582312925170068,0.2575757575757575,0.3360436048792179,0.3515775883886575,0.0789473684210526,0.6388578117760757,0.0698335748668684,0.3318926226456623
-1.200979432868655,-1.200979432868655,1.3270119622948746,-0.2745552803254753,1,0,0,1,0,0,0,1,0,0.3030777553149631,0.3488479337639948,0.5879067082137784,0.8244897959183674,0.4595959595959595,0.5224156787802038,0.6646186013946135,0.1842105263157894,0.6980466333067752,0.0643728886163534,0.5021850012037888
1.4334998869766837,1.4334998869766837,-1.0702372017889004,-0.2745552803254753,0,0,1,0,0,1,1,0,0,0.2275173642379896,0.3132200203705811,0.4228498542274053,0.5489795918367346,0.1571969696969697,0.3036495135053162,0.6943338925508388,0.0263157894736842,0.5614755674168552,0.0611827232432078,0.2703274496337159
1.4334998869766837,1.4334998869766837,1.3270119622948746,1.3436569021989169,0,1,0,0,0,1,1,0,0,0.1790768639530454,0.2699484142793792,0.6526368753524777,0.9238095238095236,0.1965909090909091,0.286468626580057,0.7171088263662451,0.0789473684210526,0.6526340846482043,0.0250896035018858,0.1979054071163755
0.2626201892676443,0.2626201892676443,1.3270119622948746,-0.2745552803254753,0,0,1,1,0,0,1,0,0,0.2824618663532393,0.3790093712707642,0.4532364215527481,0.6374149659863946,0.3207070707070707,0.4058956863009219,0.4458600324225457,0.0526315789473684,0.6027487963947438,0.0843777048030645,0.3679909260853372
-0.6155395840141352,-0.6155395840141352,1.3270119622948746,1.3436569021989169,0,1,0,0,1,0,0,0,1,0.2794050340141568,0.3410289144830262,0.476468530083397,0.8608843537414965,0.2712121212121212,0.4315464021404946,0.7055880403256742,0.1578947368421052,0.636484122809991,0.0273033664833316,0.3787162644219884
1.4334998869766837,1.4334998869766837,1.3270119622948746,-1.0836613715876715,1,0,0,0,0,1,0,0,1,0.2598048086677278,0.2985852861030231,0.6107433283587955,0.813265306122449,0.2117424242424242,0.3977073104931686,0.8967061335330249,0.0263157894736842,0.6448359044299717,0.0250744715683439,0.3764796791428406
0.2626201892676443,0.2626201892676443,-1.0702372017889004,1.3436569021989169,0,1,0,0,1,0,0,1,0,0.2468624828968728,0.2907313429655029,0.444225468384303,0.8404761904761904,0.3737373737373737,0.3657075185571116,0.8104195849659542,0.1052631578947368,0.65598931428293,0.028486680164506,0.3647561907134177
1.4334998869766837,1.4334998869766837,-1.0702372017889004,1.3436569021989169,1,0,0,0,0,1,0,0,1,0.328303116772856,0.5143571411644963,0.5030612244897958,0.5761904761904763,0.452020202020202,0.6315047355800124,0.8981394697075348,0.0,0.6074508637600475,0.0582790978632224,0.6145256615212848
-0.6155395840141352,-0.6155395840141352,1.3270119622948746,1.3436569021989169,0,1,0,0,0,1,1,0,0,0.2142218763487679,0.3205546495751922,0.5832556057568885,0.895578231292517,0.3439393939393939,0.3350090044133288,0.7917955637564507,0.131578947368421,0.6810626704801837,0.0338351267060141,0.2556321327336428
-1.200979432868655,-1.200979432868655,-0.2711541470943088,1.3436569021989169,0,1,0,1,0,0,1,0,0,0.2695570502536637,0.3754910497238397,0.5672251870293192,0.8370748299319728,0.4327020202020202,0.4027550668405258,0.4967375740551506,0.1578947368421052,0.7080721647552597,0.0641616917748511,0.3710055941809314
-1.200979432868655,-1.200979432868655,-0.2711541470943088,1.3436569021989169,0,0,1,0,1,0,0,0,1,0.3361507249729973,0.5017106086771025,0.2956305687998365,0.6431972789115646,0.45,0.6190839914896675,0.8308714905081434,0.131578947368421,0.6339635355963388,0.059936881091667,0.624697273295337
-1.200979432868655,-1.200979432868655,1.3270119622948746,-1.0836613715876715,0,0,1,0,1,0,0,1,0,0.2976185339689254,0.3949777810721046,0.3185374149659863,0.4326530612244897,0.3279040404040403,0.4381727661674033,0.4564362409824389,0.0789473684210526,0.6150994109970321,0.0695753811997185,0.4554093796171154
1.4334998869766837,1.4334998869766837,1.3270119622948746,1.3436569021989169,0,1,0,0,1,0,0,0,1,0.2741426144327435,0.326557340416856,0.4433415849466743,0.9023809523809524,0.2948232323232323,0.4303227337199036,0.815653144743604,0.0526315789473684,0.6535957924294067,0.0238308142057479,0.373641005072257
1.4334998869766837,1.4334998869766837,-1.0702372017889004,-0.2745552803254753,0,0,1,0,1,0,1,0,0,0.2353901211704526,0.3292824373754509,0.406672335600907,0.6010204081632653,0.2803030303030303,0.2900105758188511,0.3661312685762338,0.0526315789473684,0.5963692098564688,0.0493505467903672,0.2761039206101743
1.4334998869766837,1.4334998869766837,-1.0702372017889004,1.3436569021989169,0,1,0,0,1,0,0,1,0,0.2433507697922842,0.2772772644178259,0.4628420751987283,0.8404761904761904,0.2664141414141414,0.3571785137129557,0.8457393787366648,0.0526315789473684,0.6401060666960849,0.0272676235841424,0.3201646702704365
-1.200979432868655,-1.200979432868655,-1.0702372017889004,1.3436569021989169,1,0,0,0,0,1,1,0,0,0.2536289966532162,0.341785876876518,0.501360544217687,0.5510204081632653,0.3212121212121212,0.2891100499804263,0.7161641601185488,0.0789473684210526,0.6404345430461978,0.0812537018599603,0.2864073418194202
-1.200979432868655,-1.200979432868655,-0.2711541470943088,-0.2745552803254753,1,0,0,0,1,0,1,0,0,0.242763742847102,0.3415380795746122,0.4231600259151279,0.6374149659863946,0.370580808080808,0.3855670021513084,0.4628164390831565,0.131578947368421,0.668072984701488,0.0674384452888237,0.3248510747544682
-1.200979432868655,-1.200979432868655,-1.0702372017889004,-0.2745552803254753,0,1,0,1,0,0,0,1,0,0.2908216492193085,0.3447360498830998,0.5558940719144801,0.7700680272108844,0.4337121212121212,0.4814517416407529,0.6475132400301906,0.1842105263157894,0.68873489813119,0.0432705941812101,0.501091115788065
0.2626201892676443,0.2626201892676443,-0.2711541470943088,-0.2745552803254753,0,0,1,0,0,1,0,1,0,0.3259202413048062,0.4371448819735202,0.471990605766116,0.6170068027210884,0.3845959595959596,0.5061680020722605,0.8964836459371596,0.0526315789473684,0.6128380325956064,0.0770195172367602,0.50307614265918
0.2626201892676443,0.2626201892676443,-0.2711541470943088,-0.2745552803254753,0,1,0,0,1,0,0,0,1,0.3302755025880677,0.4006688082244279,0.4018670380824453,0.7802721088435375,0.4340909090909091,0.5739912144086499,0.7928074950429921,0.0526315789473684,0.6612094237026739,0.0426505602824695,0.5580798070525722
0.2626201892676443,0.2626201892676443,-0.2711541470943088,-0.2745552803254753,0,1,0,0,0,1,0,0,1,0.3043304245386804,0.3805099985824748,0.5677661595773841,0.7527210884353741,0.414520202020202,0.507418316859158,0.8949679826853625,0.0789473684210526,0.6465884367624902,0.0403501578422583,0.5268093243147872
0.2626201892676443,0.2626201892676443,1.3270119622948746,1.3436569021989169,0,0,1,0,0,1,1,0,0,0.2304003611632755,0.3416134825557526,0.5041407269978698,0.6551020408163266,0.3035353535353535,0.339739736908308,0.65119714426504,0.0789473684210526,0.6252637910186865,0.0681089032789806,0.340729378850938
1.4334998869766837,1.4334998869766837,1.3270119622948746,1.3436569021989169,0,0,1,0,1,0,1,0,0,0.1939012403573308,0.254313727079621,0.3755842806302463,0.6935374149659864,0.3092171717171717,0.2597904070757155,0.3777529326181199,0.0526315789473684,0.5948046657477443,0.0329555606568863,0.2009723480322976
-0.6155395840141352,-0.6155395840141352,1.3270119622948746,-1.0836613715876715,0,1,0,0,0,1,0,1,0,0.2237883742366518,0.2804894651556696,0.5711655663816734,0.8908163265306123,0.2011363636363636,0.319050980465396,0.8958654389825361,0.131578947368421,0.6873150602420249,0.0285985503179192,0.2746358554278544
-1.200979432868655,-1.200979432868655,1.3270119622948746,-1.0836613715876715,0,0,1,0,0,1,1,0,0,0.2065403941699436,0.2760643116126946,0.4768707482993197,0.5608843537414966,0.1949494949494949,0.2637276898932973,0.6277418686448694,0.0789473684210526,0.5975405203781525,0.0543858855081545,0.2115469957773896
0.2626201892676443,0.2626201892676443,-0.2711541470943088,1.3436569021989169,1,0,0,0,0,1,1,0,0,0.2903054407664707,0.420848264930256,0.5593901846452867,0.6816326530612244,0.465530303030303,0.4109649616175776,0.7051637190848509,0.0526315789473684,0.6460952084792726,0.0914153810655488,0.3963846328981648
0.2626201892676443,0.2626201892676443,-0.2711541470943088,-1.0836613715876715,1,0,0,0,0,1,1,0,0,0.2744770091346332,0.3979855114446421,0.5429097829608034,0.676530612244898,0.4902777777777778,0.4026536866340489,0.6753839473632361,0.0526315789473684,0.6455236651502984,0.0828080317165811,0.3606751239679916
0.2626201892676443,0.2626201892676443,1.3270119622948746,-1.0836613715876715,0,0,1,0,1,0,0,1,0,0.3151375854441097,0.4199918069265799,0.3506802721088435,0.4938775510204081,0.2603535353535353,0.4349615673231007,0.4707027793431189,0.0526315789473684,0.6005913552069797,0.0838035790615767,0.4442539739425022
1.4334998869766837,1.4334998869766837,-1.0702372017889004,-1.0836613715876715,1,0,0,0,1,0,1,0,0,0.2584097656607627,0.3833396117838961,0.370204081632653,0.5659863945578232,0.3679292929292929,0.3940508194895129,0.4203254192468011,0.0,0.6119417903929741,0.0714405781470172,0.3551041365440678
-0.6155395840141352,-0.6155395840141352,1.3270119622948746,-1.0836613715876715,0,0,1,1,0,0,0,0,1,0.3325860021369797,0.4961229509061519,0.3323979591836735,0.3748299319727891,0.3383838383838383,0.5360323976748286,0.6270301171118626,0.0526315789473684,0.5729664395903932,0.0670305613601241,0.4939866208292079
0.2626201892676443,0.2626201892676443,1.3270119622948746,-1.0836613715876715,0,0,1,0,0,1,1,0,0,0.2419502703632627,0.3349886692750086,0.5049319727891156,0.5908163265306122,0.2494949494949494,0.2998536388362561,0.6715694203765843,0.0526315789473684,0.5842853781510781,0.0737400601879716,0.2653364514574638
0.2626201892676443,0.2626201892676443,-0.2711541470943088,-0.2745552803254753,1,0,0,1,0,0,0,1,0,0.3004401241030011,0.3253831261809937,0.5421246355685131,0.708843537414966,0.4690656565656566,0.5044704748432964,0.7450672242633299,0.0526315789473684,0.6522071749021188,0.0388950272979799,0.5236977031791799
0.2626201892676443,0.2626201892676443,-1.0702372017889004,1.3436569021989169,0,1,0,1,0,0,1,0,0,0.1928816809824534,0.2947859706145644,0.5660247711612467,0.7979591836734694,0.204040404040404,0.24746228314356,0.401389369634077,0.0789473684210526,0.6500925044735004,0.0304426871050023,0.1849822350039214
0.2626201892676443,0.2626201892676443,-1.0702372017889004,-0.2745552803254753,1,0,0,1,0,0,0,1,0,0.2704320635965892,0.3140406636427124,0.4628117913832199,0.572108843537415,0.2575757575757575,0.3921843469923519,0.5124001092263886,0.0526315789473684,0.616052497701641,0.0583572425710498,0.3508253839993149
-0.6155395840141352,-0.6155395840141352,1.3270119622948746,-1.0836613715876715,1,0,0,0,1,0,1,0,0,0.3233189109819275,0.4799626958480381,0.4092991177489977,0.8023809523809524,0.5580808080808081,0.5533094736466608,0.585961252207829,0.1052631578947368,0.6758795744159829,0.0947349988906765,0.498195211250849
0.2626201892676443,0.2626201892676443,1.3270119622948746,-0.2745552803254753,1,0,0,0,1,0,0,1,0,0.2256466683319636,0.2730335228354486,0.4332598759894678,0.8040816326530612,0.3119949494949495,0.3229938611081092,0.6029441207911198,0.0526315789473684,0.6656489203267933,0.0293579284235175,0.2938351193088983
0.2626201892676443,0.2626201892676443,1.3270119622948746,-1.0836613715876715,0,1,0,1,0,0,1,0,0,0.1927660692589623,0.257909681180835,0.5738565231871765,0.8517006802721089,0.2296717171717171,0.2932574534175569,0.2544711353737511,0.1052631578947368,0.663235671309434,0.0283724635189323,0.1804571476394838
-1.200979432868655,-1.200979432868655,1.3270119622948746,-1.0836613715876715,1,0,0,0,0,1,0,0,1,0.3568444338015147,0.5392136848745297,0.5399861886730845,0.7292517006802721,0.6368686868686868,0.6985122154803284,0.8987645468236666,0.131578947368421,0.6791107471517159,0.0620104536243569,0.7010758042883144
0.2626201892676443,0.2626201892676443,-1.0702372017889004,1.3436569021989169,0,0,1,0,0,1,0,0,1,0.2836403601935931,0.3867782274686634,0.4738596720739578,0.6085034013605443,0.3156565656565656,0.4854082163052316,0.8964947235394498,0.0789473684210526,0.6039176382016339,0.035486414568072,0.4337781762073193
-0.6155395840141352,-0.6155395840141352,-0.2711541470943088,-0.2745552803254753,0,0,1,0,1,0,0,0,1,0.3190311439122472,0.4977357784535005,0.2641804340783932,0.4775510204081632,0.3722222222222222,0.5559596446491327,0.7073248990445183,0.0526315789473684,0.5705223259481489,0.0634270187535331,0.528042849438691
-1.200979432868655,-1.200979432868655,-0.2711541470943088,-0.2745552803254753,0,0,1,0,0,1,1,0,0,0.1951867823941366,0.2640015158832217,0.5092403628117914,0.5806122448979592,0.2582070707070707,0.2419543635264585,0.6212677558805819,0.1052631578947368,0.6410354970701251,0.0520778199785617,0.2331967441842482
0.2626201892676443,0.2626201892676443,-0.2711541470943088,-1.0836613715876715,0,1,0,0,1,0,1,0,0,0.3143376872794968,0.4715655887894077,0.4638087630434569,0.791156462585034,0.5075757575757576,0.5144285459156218,0.6238587093545357,0.0789473684210526,0.6497171059014343,0.0790248488781939,0.4515708650532185
-1.200979432868655,-1.200979432868655,-1.0702372017889004,1.3436569021989169,0,1,0,1,0,0,1,0,0,0.2838242691329546,0.3946334980530243,0.579648876866764,0.7826530612244899,0.3503787878787879,0.3986270989613604,0.5048494376189774,0.1842105263157894,0.6962479417930837,0.0685081445257364,0.3569830411790359
-0.6155395840141352,-0.6155395840141352,-0.2711541470943088,-0.2745552803254753,0,1,0,1,0,0,0,1,0,0.2824974443231309,0.324289575809924,0.5525267285846517,0.8193877551020408,0.3516414141414141,0.4174595000357206,0.6938914679584559,0.131578947368421,0.672667065108505,0.0387477378721441,0.4056200401984642
1.4334998869766837,1.4334998869766837,1.3270119622948746,1.3436569021989169,1,0,0,0,1,0,0,1,0,0.246480888554028,0.2910705213102729,0.4570692071396564,0.8397959183673469,0.3356060606060606,0.3976884785358669,0.7946478504959184,0.0526315789473684,0.6483848273310293,0.0331590520180648,0.3714750729101218
-0.6155395840141352,-0.6155395840141352,-1.0702372017889004,1.3436569021989169,0,1,0,0,0,1,0,1,0,0.243953342948641,0.2890314339390018,0.5129311089515172,0.8278911564625852,0.216540404040404,0.3382838735970769,0.8958311842240437,0.1578947368421052,0.6763783167646824,0.0303929349346885,0.2739662877156526
1.4334998869766837,1.4334998869766837,-1.0702372017889004,-1.0836613715876715,0,1,0,0,0,1,0,1,0,0.2597840674008642,0.2962740774622553,0.5575639779721412,0.7302721088435373,0.3071969696969697,0.3762307062878844,0.8946425602604058,0.0263157894736842,0.6286281914653714,0.0315085738092113,0.3671070164851391
0.2626201892676443,0.2626201892676443,1.3270119622948746,1.3436569021989169,1,0,0,0,0,1,0,1,0,0.2222814496074404,0.2588737833006725,0.5939888149206087,0.8142857142857143,0.2742424242424243,0.3064156460330062,0.8949377279061909,0.0526315789473684,0.6693532937673727,0.0274700354870968,0.2808679126258767
-0.6155395840141352,-0.6155395840141352,1.3270119622948746,1.3436569021989169,0,1,0,0,1,0,0,1,0,0.2550940832921436,0.2966466607013613,0.4683413566442172,0.942517006802721,0.2676767676767677,0.427974034123399,0.7905251281960711,0.1842105263157894,0.6971538087711103,0.0307008032610263,0.3989231252412022
-0.6155395840141352,-0.6155395840141352,-1.0702372017889004,-0.2745552803254753,0,0,1,0,1,0,0,0,1,0.3365315262760434,0.4984716705357798,0.3173277723787928,0.5591836734693877,0.3866161616161616,0.5984570451556691,0.7899770201014082,0.0789473684210526,0.6045228015585586,0.0632652248299223,0.5691719102134367
-1.200979432868655,-1.200979432868655,1.3270119622948746,1.3436569021989169,0,0,1,0,1,0,0,1,0,0.283676351904869,0.3821538118781971,0.3650485286010812,0.7180272108843537,0.3316919191919192,0.3997535424070166,0.4914907895366195,0.131578947368421,0.6630142044039268,0.0616416740171219,0.396636942707536
0.2626201892676443,0.2626201892676443,-1.0702372017889004,-1.0836613715876715,1,0,0,0,0,1,0,0,1,0.3327468975101198,0.5118984622927362,0.4810090702947845,0.5506802721088435,0.5280303030303031,0.6321813454436903,0.8965027581436347,0.0526315789473684,0.5892057070431803,0.0594744340262895,0.6114468971924457
0.2626201892676443,0.2626201892676443,-1.0702372017889004,-0.2745552803254753,0,0,1,0,0,1,0,1,0,0.3125406994138445,0.4259742245757179,0.4612196307094266,0.6068027210884354,0.3925505050505051,0.476419515632784,0.8960883173539297,0.0526315789473684,0.611910128686453,0.0739270494649742,0.4674945497077481
1.4334998869766837,1.4334998869766837,-1.0702372017889004,-1.0836613715876715,0,1,0,0,0,1,0,0,1,0.3565328291484287,0.5237418460673817,0.5257896015549077,0.6578231292517007,0.5777777777777777,0.6785730906629266,0.8952438054596473,0.0263157894736842,0.5940880582852078,0.0595324045076832,0.6639099526209431
0.2626201892676443,0.2626201892676443,1.3270119622948746,1.3436569021989169,0,0,1,0,1,0,1,0,0,0.1919940511669431,0.2826446622319596,0.3819268518350782,0.6578231292517007,0.2262626262626262,0.2762050559746282,0.3042663675476797,0.0526315789473684,0.6221174328279143,0.0418697765364914,0.2347975848949891
-0.6155395840141352,-0.6155395840141352,-1.0702372017889004,1.3436569021989169,1,0,0,1,0,0,0,1,0,0.2629546768750463,0.2929527717357452,0.4619614512471655,0.5346938775510204,0.2676767676767677,0.3287185600417608,0.3547140516225287,0.0526315789473684,0.6200149793387009,0.0564461958270451,0.3098183103813595
-1.200979432868655,-1.200979432868655,-0.2711541470943088,-1.0836613715876715,0,0,1,1,0,0,0,0,1,0.3059276087794985,0.4617036759909798,0.3316326530612244,0.3486394557823129,0.308080808080808,0.4920867646010013,0.5733476024012392,0.0526315789473684,0.5905240452713687,0.0644096770748709,0.4781431617917027
-0.6155395840141352,-0.6155395840141352,-1.0702372017889004,-0.2745552803254753,1,0,0,1,0,0,1,0,0,0.2805545336859567,0.4019950384879129,0.4746031746031746,0.5431972789115647,0.3434343434343434,0.3461385060452411,0.4361777866400371,0.0263157894736842,0.6245077327483897,0.0895662093676117,0.3349184898336474
-1.200979432868655,-1.200979432868655,-1.0702372017889004,-0.2745552803254753,1,0,0,0,1,0,0,0,1,0.3244321804812975,0.5022963640882322,0.3713945578231292,0.4836734693877551,0.3446969696969697,0.5587424077583851,0.7497431719050899,0.1052631578947368,0.6094552782661843,0.0638561747403486,0.5576920235369819
0.2626201892676443,0.2626201892676443,1.3270119622948746,-1.0836613715876715,0,0,1,0,0,1,0,0,1,0.3224545099905558,0.4923512194666141,0.373015873015873,0.4404761904761904,0.4161616161616161,0.5677793095543452,0.8953650562504104,0.0789473684210526,0.5950040903046946,0.0609055328743824,0.5530400625058596
-0.6155395840141352,-0.6155395840141352,-1.0702372017889004,-1.0836613715876715,1,0,0,0,0,1,0,1,0,0.2658523886118616,0.3041559678972962,0.4404195011337868,0.5346938775510204,0.2171717171717171,0.33717707131532,0.8970685082523747,0.0526315789473684,0.623493470380549,0.0570489042805398,0.3147520134787875
-1.200979432868655,-1.200979432868655,1.3270119622948746,1.3436569021989169,1,0,0,0,0,1,0,1,0,0.2994803265588623,0.3279152337647039,0.5683003303090812,0.8346938775510204,0.4247474747474747,0.4226626413900571,0.8968999160042479,0.1578947368421052,0.6940147601949382,0.0659545865094954,0.4095018602757384
-1.200979432868655,-1.200979432868655,-0.2711541470943088,-0.2745552803254753,0,1,0,0,0,1,1,0,0,0.2837175618324961,0.4205099559007443,0.5927296437500519,0.791156462585034,0.4343434343434343,0.4572301641252485,0.6948767073308573,0.131578947368421,0.6926531246791939,0.0743905061850425,0.4167897034572306
0.2626201892676443,0.2626201892676443,-0.2711541470943088,-0.2745552803254753,0,1,0,0,0,1,1,0,0,0.2831762849433081,0.4009463687885606,0.6003530439288953,0.7945578231292516,0.4121212121212121,0.4164524401207329,0.6564918841551705,0.0789473684210526,0.6644893243272091,0.0931395319292667,0.3834601189312804
-0.6155395840141352,-0.6155395840141352,1.3270119622948746,-1.0836613715876715,1,0,0,0,0,1,1,0,0,0.3211363281522478,0.4507473246494196,0.576821695679107,0.8091836734693877,0.5286616161616161,0.4902520682014063,0.8123665627717931,0.1052631578947368,0.6759446960007685,0.0819890695659294,0.4553260166393926
-0.6155395840141352,-0.6155395840141352,1.3270119622948746,-1.0836613715876715,0,1,0,1,0,0,0,0,1,0.364914698260171,0.5327901149833073,0.5899515588429277,0.8908163265306123,0.6457070707070707,0.6933253273279811,0.9187884337827564,0.131578947368421,0.6781512453494883,0.0592023952805304,0.6779381804019764
-1.200979432868655,-1.200979432868655,-0.2711541470943088,1.3436569021989169,0,1,0,0,1,0,1,0,0,0.3135615868227822,0.4438426252849377,0.4722223086382732,0.8496598639455782,0.4468434343434344,0.4558833931732346,0.6142544937168714,0.2105263157894736,0.705591028647837,0.0884175303679529,0.431702000184455
-1.200979432868655,-1.200979432868655,1.3270119622948746,1.3436569021989169,0,0,1,0,0,1,0,1,0,0.3317421493785721,0.4443113514620966,0.4545375575611881,0.7180272108843537,0.4179292929292929,0.5223382231123374,0.8956531342560514,0.131578947368421,0.6630409462991335,0.0764562173845411,0.5289653601744755
-1.200979432868655,-1.200979432868655,1.3270119622948746,-1.0836613715876715,1,0,0,0,0,1,1,0,0,0.305974802332265,0.4310648899844658,0.5401358451788097,0.7435374149659864,0.4979797979797979,0.4487075475090132,0.7553527668929182,0.1842105263157894,0.7007149820462439,0.0957334929261727,0.4115297198157315
1.4334998869766837,1.4334998869766837,-1.0702372017889004,-1.0836613715876715,1,0,0,0,0,1,0,0,1,0.3306819551757403,0.5192517179444834,0.497562358276644,0.5863945578231293,0.4580808080808081,0.6039045869033786,0.8974997549701038,0.0,0.6016936001565961,0.0588867663594747,0.5814720526622933
0.2626201892676443,0.2626201892676443,-1.0702372017889004,1.3436569021989169,1,0,0,0,0,1,0,0,1,0.3238295188971928,0.5059328148458975,0.4784013605442176,0.5727891156462585,0.4563131313131313,0.6220772025315531,0.8962595579739845,0.0526315789473684,0.6195260694874504,0.0578494630229142,0.5923446449648732
0.2626201892676443,0.2626201892676443,-0.2711541470943088,-1.0836613715876715,1,0,0,0,0,1,0,1,0,0.2927324761237416,0.3233064418399109,0.561241766547889,0.719047619047619,0.4337121212121212,0.4811888497193733,0.896291775061885,0.0526315789473684,0.6533566445035855,0.0439750865961698,0.4945918356759486
-1.200979432868655,-1.200979432868655,-1.0702372017889004,-1.0836613715876715,0,1,0,0,1,0,0,1,0,0.2818043670909745,0.3328119010515262,0.4520043731778425,0.6646258503401361,0.3636363636363636,0.4347904841818898,0.5331344782881206,0.131578947368421,0.6782894238029132,0.0648167634071183,0.4373560782996906
-1.200979432868655,-1.200979432868655,1.3270119622948746,-0.2745552803254753,0,0,1,0,1,0,0,0,1,0.3265938333102635,0.478941824568484,0.2538292301047403,0.495578231292517,0.351010101010101,0.5250850946317331,0.6535508154330698,0.0789473684210526,0.598626310076971,0.0623105535564853,0.5218487343281561
-0.6155395840141352,-0.6155395840141352,-0.2711541470943088,-0.2745552803254753,0,0,1,1,0,0,0,1,0,0.2928032289658273,0.4227301983032852,0.4508503401360544,0.6129251700680273,0.370580808080808,0.4412886493923902,0.4757263961626449,0.1052631578947368,0.6152207611704761,0.0654104918745753,0.448158055276921
-0.6155395840141352,-0.6155395840141352,1.3270119622948746,-1.0836613715876715,0,0,1,1,0,0,1,0,0,0.2255764211927141,0.2944796729515062,0.4430839002267573,0.4921768707482993,0.269570707070707,0.2636824307145495,0.3447622728871647,0.0789473684210526,0.5982400566634449,0.0494804450410128,0.2494614920587724
0.2626201892676443,0.2626201892676443,-1.0702372017889004,-1.0836613715876715,0,1,0,0,1,0,0,0,1,0.338348456791469,0.5303037102684104,0.4002173091458805,0.6476190476190476,0.6452020202020202,0.650918733547169,0.8629527926165611,0.0789473684210526,0.6450546508705841,0.0589720063654995,0.6491022308487784
0.2626201892676443,0.2626201892676443,-1.0702372017889004,-0.2745552803254753,0,1,0,1,0,0,0,1,0,0.2565011329736028,0.2987585266267447,0.5538665812645405,0.7469387755102042,0.2755050505050505,0.4121421726209094,0.7408120318959118,0.0789473684210526,0.6467368565767522,0.0337132371140158,0.3761634700537499
0.2626201892676443,0.2626201892676443,1.3270119622948746,-1.0836613715876715,0,1,0,0,1,0,0,0,1,0.2981037220784596,0.3434630517509807,0.4315052209695067,0.803061224489796,0.385479797979798,0.5148977503582599,0.7914750149884883,0.0789473684210526,0.6579043587607918,0.0271578716995699,0.5004376346383299
-0.6155395840141352,-0.6155395840141352,1.3270119622948746,1.3436569021989169,0,0,1,0,0,1,0,1,0,0.3013850652745791,0.4145420339702111,0.4656980887593133,0.708843537414966,0.4154040404040404,0.4639516305446405,0.8943596385467412,0.131578947368421,0.6473432759446306,0.0607748837675443,0.4632294854563738
0.2626201892676443,0.2626201892676443,1.3270119622948746,-0.2745552803254753,0,0,1,1,0,0,0,0,1,0.3310160221798079,0.5036319706385034,0.4138969873663751,0.5227891156462585,0.5003787878787879,0.6559449063700371,0.8213400523471257,0.0263157894736842,0.6033108461381297,0.0606770149744046,0.6471581072377682
-0.6155395840141352,-0.6155395840141352,1.3270119622948746,-1.0836613715876715,0,0,1,0,0,1,1,0,0,0.2270390390924045,0.3006671154407928,0.479421768707483,0.539795918367347,0.2392676767676767,0.2638950645020437,0.6829069907795224,0.0789473684210526,0.6048824430499627,0.0684815081457152,0.2174620379063561
0.2626201892676443,0.2626201892676443,1.3270119622948746,-0.2745552803254753,0,1,0,0,1,0,1,0,0,0.1456737342051097,0.1888481773421335,0.4420094196156,0.8806122448979592,0.144570707070707,0.1823188209513673,0.2346445811718392,0.1052631578947368,0.6697928835665854,0.0234364567930139,0.1283658311435215
-0.6155395840141352,-0.6155395840141352,-0.2711541470943088,-1.0836613715876715,0,1,0,0,0,1,0,1,0,0.3047500454953738,0.3394392795109768,0.5108423983423983,0.7591836734693879,0.4396464646464646,0.4884835393084232,0.8962170911481019,0.1052631578947368,0.6664145841319733,0.0470048953028479,0.4705664715826907
0.2626201892676443,0.2626201892676443,-1.0702372017889004,1.3436569021989169,0,1,0,0,1,0,1,0,0,0.2005902687992368,0.29276946133239,0.4576697615161055,0.813265306122449,0.2755050505050505,0.2570399281777062,0.2713871607257169,0.0526315789473684,0.6468699130836556,0.0349416111771665,0.2068753014602576
-0.6155395840141352,-0.6155395840141352,1.3270119622948746,-0.2745552803254753,0,1,0,1,0,0,0,1,0,0.2232607784867286,0.275058105061041,0.5839399192282955,0.9357142857142856,0.2458333333333333,0.3241475025862483,0.6415710970190897,0.1578947368421052,0.6882951377611157,0.0283326033260174,0.2755713404554689
1.4334998869766837,1.4334998869766837,1.3270119622948746,-0.2745552803254753,1,0,0,0,1,0,0,1,0,0.2614220987473215,0.2809828431230577,0.4566606021392146,0.8397959183673469,0.3215909090909091,0.4018058523155186,0.811477798873481,0.0526315789473684,0.6495802994288074,0.0284109141669942,0.3491836055957755
1.4334998869766837,1.4334998869766837,-1.0702372017889004,-1.0836613715876715,0,0,1,0,0,1,0,0,1,0.3285136233483042,0.5062794381613434,0.3938775510204081,0.4377551020408163,0.4116161616161616,0.5551435338346021,0.8935146147562564,0.0263157894736842,0.5567520787082636,0.0638118185791631,0.5268575078639107
-0.6155395840141352,-0.6155395840141352,-1.0702372017889004,1.3436569021989169,0,0,1,0,1,0,0,0,1,0.3358469765952654,0.507112702064451,0.2994327962065057,0.6159863945578231,0.4438131313131313,0.6002156800689837,0.8736333336836348,0.0789473684210526,0.5986703901092687,0.0580696524994117,0.611123385893229
1.4334998869766837,1.4334998869766837,1.3270119622948746,-1.0836613715876715,0,0,1,0,0,1,1,0,0,0.2233359518647193,0.291050202009413,0.4872448979591837,0.5425170068027211,0.2414141414141414,0.2949782335443981,0.5945521431103062,0.0526315789473684,0.5750753073625742,0.0631194240960499,0.2784496678460841
-0.6155395840141352,-0.6155395840141352,-0.2711541470943088,1.3436569021989169,0,1,0,1,0,0,0,0,1,0.3152599132486752,0.40501520511279,0.5448090359175228,0.8428571428571427,0.4097222222222222,0.5193853355897797,0.8160736038163304,0.1842105263157894,0.6850944819019331,0.0383733051104958,0.4825679986532565
1.4334998869766837,1.4334998869766837,-0.2711541470943088,1.3436569021989169,1,0,0,0,0,1,0,0,1,0.3497244013207299,0.5309248044118324,0.4980104740308822,0.6595238095238096,0.525,0.672480070485122,0.8973889143046972,0.0263157894736842,0.616816343993156,0.057715460286179,0.6494956990233685
-0.6155395840141352,-0.6155395840141352,-0.2711541470943088,-1.0836613715876715,1,0,0,1,0,0,1,0,0,0.2795919461761202,0.3864073759365049,0.4862879278695605,0.64421768707483,0.3449494949494949,0.3421293081574602,0.407619900762996,0.1052631578947368,0.660857112288911,0.081970976511736,0.3072093817583438
1.4334998869766837,1.4334998869766837,-1.0702372017889004,-0.2745552803254753,1,0,0,0,0,1,0,0,1,0.3321701916200774,0.5161335705637743,0.4824829931972789,0.5421768707482993,0.5270202020202019,0.6473327559076423,0.8981790476188474,0.0,0.5857633268958392,0.0587306712185212,0.6271248829829245
-0.6155395840141352,-0.6155395840141352,-1.0702372017889004,-0.2745552803254753,1,0,0,0,0,1,1,0,0,0.28132633294378,0.3751878281372498,0.4554421768707483,0.5431972789115647,0.3212121212121212,0.3719738598756798,0.7491599939353298,0.0789473684210526,0.6387433692551611,0.0716669445011759,0.3301894525372792
0.2626201892676443,0.2626201892676443,1.3270119622948746,1.3436569021989169,0,0,1,0,0,1,0,0,1,0.2970058524182864,0.3867376711340793,0.4623269729137076,0.6465986394557823,0.2935606060606061,0.457038974449112,0.8977356034556152,0.0526315789473684,0.592038076693584,0.0391560873363388,0.4404222094256779
0.2626201892676443,0.2626201892676443,1.3270119622948746,-0.2745552803254753,0,0,1,0,1,0,0,1,0,0.3045678395032882,0.3995805663006612,0.346889374797538,0.5965986394557823,0.3063131313131313,0.442449275606026,0.452596567471725,0.0526315789473684,0.6118879073340631,0.0657843202845885,0.4388660721804163
0.2626201892676443,0.2626201892676443,1.3270119622948746,-0.2745552803254753,0,1,0,0,1,0,0,1,0,0.2493130777563367,0.282464608624793,0.4548170841769521,0.9136054421768708,0.214520202020202,0.3623896225255043,0.8752305384725332,0.0789473684210526,0.6739440750143059,0.0294938574279569,0.32046808935574
0.2626201892676443,0.2626201892676443,-1.0702372017889004,-0.2745552803254753,0,0,1,0,0,1,0,0,1,0.3361048325896263,0.5076046724332051,0.4607944606413994,0.5795918367346938,0.5075757575757576,0.6317892322437106,0.8940806775191728,0.0526315789473684,0.5971214915801474,0.0634832065464671,0.6348620126079879
0.2626201892676443,0.2626201892676443,-0.2711541470943088,-0.2745552803254753,1,0,0,0,1,0,0,1,0,0.2898549534167562,0.3061894784370966,0.403175278047727,0.719047619047619,0.5065656565656566,0.4682088082776225,0.6505085460079135,0.0526315789473684,0.6478071509323653,0.0369624102040233,0.4560374923078895
1.4334998869766837,1.4334998869766837,1.3270119622948746,-0.2745552803254753,0,1,0,0,1,0,0,0,1,0.2704892371382031,0.3106726297505499,0.4610002868930806,0.8761904761904761,0.2936868686868686,0.4325903366009349,0.7591948167979717,0.0789473684210526,0.6554606949301252,0.0246615601634422,0.3937534681538264
-0.6155395840141352,-0.6155395840141352,-0.2711541470943088,-1.0836613715876715,0,0,1,0,1,0,0,0,1,0.3371080830693244,0.4879437744338507,0.3219387755102041,0.4285714285714285,0.3828282828282828,0.5730768548728716,0.6830368586495752,0.0526315789473684,0.5725703753321894,0.0649600970875265,0.5697738315654647
1.4334998869766837,1.4334998869766837,-1.0702372017889004,-1.0836613715876715,0,0,1,0,0,1,1,0,0,0.2227574173041752,0.300691018458206,0.4918367346938775,0.5551020408163265,0.2380050505050505,0.3275535238083793,0.643638750178238,0.0263157894736842,0.5680519488344672,0.0632701152811929,0.2936352615391595
0.2626201892676443,0.2626201892676443,-0.2711541470943088,-0.2745552803254753,0,1,0,0,1,0,0,1,0,0.22990990119321,0.2758266020897255,0.4443955294683085,0.8489795918367348,0.1900252525252525,0.3060899021572455,0.593883745703885,0.0789473684210526,0.6638471700925814,0.0284900599441563,0.2519847633712423
-0.6155395840141352,-0.6155395840141352,1.3270119622948746,-0.2745552803254753,1,0,0,0,0,1,0,1,0,0.265956519969872,0.3110113187169726,0.5515395925036097,0.8534013605442178,0.3686868686868687,0.390410204705798,0.8972441106661623,0.131578947368421,0.6793988456742643,0.0347485452887197,0.3658392261300114
-0.6155395840141352,-0.6155395840141352,-1.0702372017889004,1.3436569021989169,0,1,0,0,0,1,1,0,0,0.307735466148172,0.4225943272428866,0.5363927159122834,0.7833333333333333,0.3887626262626263,0.4321452951617923,0.735037071692219,0.131578947368421,0.6704439963159513,0.0868409560677526,0.4100199650751737
-1.200979432868655,-1.200979432868655,-1.0702372017889004,-1.0836613715876715,1,0,0,1,0,0,0,1,0,0.256842879482678,0.2766424773276387,0.5035714285714286,0.5755102040816327,0.1666666666666666,0.2907194746136777,0.2641578076358807,0.0789473684210526,0.6411954395682203,0.0596719001083847,0.27573710923348
-0.6155395840141352,-0.6155395840141352,-0.2711541470943088,-1.0836613715876715,0,1,0,0,1,0,0,1,0,0.2887848349554198,0.3257563895285004,0.4310068427415366,0.7591836734693879,0.448989898989899,0.4499079443605169,0.6775242379166109,0.1052631578947368,0.6658461675581867,0.0484120791310243,0.4449350485733553
0.2626201892676443,0.2626201892676443,1.3270119622948746,1.3436569021989169,0,1,0,0,0,1,1,0,0,0.1908511089001383,0.2596929855041985,0.6227681169911838,0.8989795918367346,0.203030303030303,0.2195376181470847,0.7866984132388779,0.1052631578947368,0.6665175161406708,0.0198042703043394,0.1372239068669144
1.4334998869766837,1.4334998869766837,-1.0702372017889004,1.3436569021989169,0,1,0,0,0,1,0,0,1,0.2513153329491615,0.3156999469422745,0.6067927749439564,0.8166666666666667,0.332070707070707,0.387372809093306,0.8969002147769121,0.0526315789473684,0.6326561415360619,0.025095337066856,0.3267640787227545
-1.200979432868655,-1.200979432868655,1.3270119622948746,-1.0836613715876715,0,1,0,0,1,0,0,0,1,0.3576163628271647,0.5468068844002579,0.4417569059649805,0.8064625850340136,0.5804292929292929,0.6298071284049017,0.8865503576739381,0.131578947368421,0.6698599496113657,0.0596131717465604,0.6522647705228383
0.2626201892676443,0.2626201892676443,-0.2711541470943088,-1.0836613715876715,0,1,0,1,0,0,0,0,1,0.3458562514611653,0.5385115980013295,0.5153487102466694,0.7598639455782313,0.6286616161616162,0.6490709609758706,0.9258394945661228,0.0526315789473684,0.6535528090632039,0.0553487009788987,0.6418503776117166
-1.200979432868655,-1.200979432868655,1.3270119622948746,-1.0836613715876715,0,0,1,1,0,0,0,1,0,0.2724241041285651,0.3780708178533419,0.392687074829932,0.463265306122449,0.2683080808080808,0.4150587134449538,0.4508645129732516,0.0789473684210526,0.6165981540658079,0.0615793875665381,0.4082879409339417
0.2626201892676443,0.2626201892676443,-0.2711541470943088,1.3436569021989169,0,1,0,1,0,0,0,1,0,0.2356005854691777,0.2698309857477646,0.5915647864207288,0.9051020408163266,0.3087121212121212,0.3111895855753441,0.7729253428460409,0.1052631578947368,0.6728049596116072,0.0277174046870945,0.2804605436937401
0.2626201892676443,0.2626201892676443,1.3270119622948746,-0.2745552803254753,0,1,0,0,1,0,0,0,1,0.2703913684402192,0.3229911851706538,0.4124088717104962,0.8642857142857143,0.2765151515151515,0.4561052171422155,0.7800348788499832,0.0526315789473684,0.6693917397344965,0.0257304409169851,0.4212809120752887
1.4334998869766837,1.4334998869766837,-1.0702372017889004,-1.0836613715876715,1,0,0,1,0,0,0,1,0,0.2807586800626346,0.3315250400500864,0.479421768707483,0.5517006802721088,0.297979797979798,0.4310017794921561,0.6159354107338004,0.0,0.5949012075668234,0.0571193874480311,0.4250673335526002
1.4334998869766837,1.4334998869766837,-0.2711541470943088,-0.2745552803254753,1,0,0,0,1,0,0,1,0,0.2640110711966242,0.300205331210722,0.4330328798185941,0.6833333333333333,0.3631313131313131,0.3718419337034091,0.6631570575712249,0.0263157894736842,0.630534174367999,0.0310454897250779,0.3630626413952094
0.2626201892676443,0.2626201892676443,-0.2711541470943088,1.3436569021989169,0,1,0,0,1,0,1,0,0,0.1777825272509029,0.2517454423983122,0.4611074370824289,0.8445578231292517,0.211489898989899,0.2572907147007896,0.2954946425727879,0.0526315789473684,0.6587439181216413,0.027659619777585,0.2393636581887242
-0.6155395840141352,-0.6155395840141352,1.3270119622948746,-1.0836613715876715,0,0,1,0,1,0,1,0,0,0.197937170778002,0.2617763639980489,0.4301020408163265,0.5153061224489796,0.2444444444444444,0.2021732413320748,0.2889735236932756,0.0789473684210526,0.5962267391326317,0.0640744944161196,0.199820376754494
0.2626201892676443,0.2626201892676443,1.3270119622948746,-1.0836613715876715,1,0,0,0,0,1,1,0,0,0.2319093440260205,0.2991969315160898,0.5860801672966013,0.8142857142857143,0.2801767676767677,0.3331415867512605,0.7347901257733905,0.1052631578947368,0.6700785937321893,0.0443134403516105,0.2548377419568821
-0.6155395840141352,-0.6155395840141352,1.3270119622948746,1.3436569021989169,0,0,1,1,0,0,1,0,0,0.20714795759746,0.3001173675010028,0.4461847834371844,0.6670068027210884,0.247979797979798,0.2895911015543052,0.3643717559023449,0.1052631578947368,0.6307141154037245,0.0386332091022534,0.2580735049639178
0.2626201892676443,0.2626201892676443,-0.2711541470943088,-0.2745552803254753,0,1,0,1,0,0,1,0,0,0.2983693409391811,0.4491202269990246,0.5361644905697001,0.7503401360544217,0.4008838383838383,0.4799726738564141,0.5940509771279175,0.0789473684210526,0.6548139635788415,0.0627664098065221,0.4222535888116002
-0.6155395840141352,-0.6155395840141352,-0.2711541470943088,-1.0836613715876715,1,0,0,0,0,1,1,0,0,0.3009641265017645,0.434052822523762,0.4909782960803369,0.6408163265306123,0.4348484848484848,0.4863798245526444,0.6770196807067742,0.0789473684210526,0.6625475557021137,0.0920921279299394,0.450861119940929
-0.6155395840141352,-0.6155395840141352,-1.0702372017889004,-1.0836613715876715,0,0,1,0,1,0,0,0,1,0.3195252184356961,0.4790368113350596,0.2681972789115646,0.3945578231292517,0.3212121212121212,0.53836888188507,0.7043091379681816,0.0,0.5679479013022037,0.0646444140276688,0.5322639666726091
-0.6155395840141352,-0.6155395840141352,-1.0702372017889004,1.3436569021989169,1,0,0,0,0,1,0,0,1,0.3337888504777636,0.5023139056479128,0.4104308390022675,0.5047619047619047,0.3919191919191919,0.5542091062830025,0.8968773067371122,0.0789473684210526,0.6079572358993254,0.0628190076922938,0.5689799730142017
1.4334998869766837,1.4334998869766837,1.3270119622948746,-0.2745552803254753,0,1,0,0,0,1,0,0,1,0.2604724700961794,0.2895070483976978,0.5979680261975788,0.8064625850340136,0.3125,0.3996458187302197,0.8962050982765867,0.0526315789473684,0.6159378052094068,0.0252383921525291,0.3120654602462344
0.2626201892676443,0.2626201892676443,-0.2711541470943088,-1.0836613715876715,0,0,1,0,1,0,1,0,0,0.1920921008075986,0.2590882863871488,0.401984126984127,0.5329931972789116,0.1797979797979798,0.2373075895976859,0.2985948087711585,0.0526315789473684,0.5787642693498343,0.0428336894454347,0.2378122439358049
-0.6155395840141352,-0.6155395840141352,-1.0702372017889004,-1.0836613715876715,0,0,1,0,0,1,0,1,0,0.2917639262761388,0.4077052071567887,0.3933673469387755,0.4897959183673469,0.3056818181818181,0.4631592909395839,0.8941390988752244,0.0526315789473684,0.5974160632977137,0.0659578030546515,0.4374931462466061
-0.6155395840141352,-0.6155395840141352,1.3270119622948746,-0.2745552803254753,1,0,0,0,0,1,1,0,0,0.3013037545766149,0.4529724016154411,0.5835035082993477,0.8568027210884354,0.5333333333333333,0.4794983656498738,0.7357352286843072,0.1052631578947368,0.6748718813944731,0.0775125628455921,0.4503650200290722
-1.200979432868655,-1.200979432868655,-1.0702372017889004,-0.2745552803254753,1,0,0,1,0,0,0,1,0,0.2450317390901701,0.2759868718878146,0.5015306122448979,0.5653061224489796,0.1616161616161616,0.2556627109112844,0.2792136348503602,0.0789473684210526,0.6408987962198696,0.0575765557147382,0.2540326959744206
-0.6155395840141352,-0.6155395840141352,-0.2711541470943088,-0.2745552803254753,0,1,0,0,0,1,0,1,0,0.2737936601042747,0.3091312734693198,0.5413729009226419,0.8193877551020408,0.3429292929292929,0.4068093857706018,0.8956137657703787,0.131578947368421,0.6720959169452465,0.0387384234358085,0.3946193128860223
1.4334998869766837,1.4334998869766837,-0.2711541470943088,1.3436569021989169,0,0,1,1,0,0,0,0,1,0.2621563864605767,0.3323467062076626,0.4766247018287834,0.6901360544217687,0.3188131313131313,0.4341186406823736,0.7726273868015657,0.0526315789473684,0.6175613834857436,0.0311684372741963,0.3998197444037161
1.4334998869766837,1.4334998869766837,-0.2711541470943088,1.3436569021989169,1,0,0,0,1,0,0,0,1,0.3251593847359929,0.5147301726614887,0.3953271784904438,0.6595238095238096,0.5005050505050505,0.6555856516573129,0.8503556265183336,0.0263157894736842,0.5960419761128606,0.0550950358870629,0.6335208739075642
0.2626201892676443,0.2626201892676443,-0.2711541470943088,1.3436569021989169,0,0,1,0,1,0,0,0,1,0.2876188542161668,0.3828850391230793,0.315440733595785,0.6568027210884353,0.3215909090909091,0.5133997488286125,0.7524841011251556,0.0526315789473684,0.6027130297204643,0.0412701737893463,0.4624807055094388
1.4334998869766837,1.4334998869766837,-1.0702372017889004,1.3436569021989169,0,1,0,1,0,0,0,0,1,0.2630562804426465,0.3279582700855413,0.5274872329884335,0.7843537414965985,0.3226010101010101,0.4806561847210773,0.7853689871340369,0.0789473684210526,0.6097350283214672,0.0248328173295454,0.3852048667436984
1.4334998869766837,1.4334998869766837,1.3270119622948746,1.3436569021989169,0,0,1,0,0,1,0,0,1,0.2648972389953477,0.3378211741103777,0.4776905737875125,0.6431972789115646,0.2758838383838383,0.4618258508073461,0.8973228116700127,0.0789473684210526,0.6065126746429743,0.0249633054763332,0.3987177882348046
1.4334998869766837,1.4334998869766837,-0.2711541470943088,1.3436569021989169,1,0,0,1,0,0,1,0,0,0.3154214114802224,0.4634855718533339,0.4808900226757369,0.6986394557823129,0.4443181818181818,0.4963627587086209,0.5631957890446453,0.0526315789473684,0.628497907451536,0.0888059970649527,0.48063270133977
0.2626201892676443,0.2626201892676443,1.3270119622948746,1.3436569021989169,0,1,0,0,0,1,0,0,1,0.2522807110633168,0.3191006494727628,0.5981422334820216,0.877891156462585,0.2618686868686869,0.4397369071089732,0.8970321899370555,0.1052631578947368,0.6542216573181726,0.0223992718055085,0.3187181693435912
1.4334998869766837,1.4334998869766837,-1.0702372017889004,-1.0836613715876715,0,1,0,0,1,0,0,0,1,0.3426988518663815,0.5281076568873854,0.4092367184969226,0.7020408163265306,0.6431818181818182,0.6879038756441175,0.9057298147988816,0.0263157894736842,0.6252045896047551,0.0618908631083212,0.6919298234127638
-0.6155395840141352,-0.6155395840141352,-0.2711541470943088,-0.2745552803254753,1,0,0,0,1,0,1,0,0,0.2775300154515674,0.4082492645875325,0.4122974030882194,0.64421768707483,0.4424242424242424,0.4712971029927014,0.4996419103410638,0.1052631578947368,0.6603707309389111,0.0827846669920488,0.3927154747033877
0.2626201892676443,0.2626201892676443,-0.2711541470943088,1.3436569021989169,0,1,0,0,0,1,0,1,0,0.2278249871305057,0.2758489689630393,0.591964606632974,0.9051020408163266,0.2523989898989899,0.3390686025911285,0.8960445439802801,0.1052631578947368,0.6734972929004475,0.0246464505418828,0.2980341839303722
-1.200979432868655,-1.200979432868655,1.3270119622948746,-1.0836613715876715,1,0,0,1,0,0,1,0,0,0.2835464423894882,0.4148023963425558,0.6016644696155975,0.8047619047619047,0.4584595959595959,0.4224198280008441,0.5245787980873138,0.1578947368421052,0.7063264926101396,0.0876675619982828,0.3843473656689569
-1.200979432868655,-1.200979432868655,-0.2711541470943088,1.3436569021989169,0,0,1,1,0,0,1,0,0,0.2645410488758768,0.3578180634247258,0.537976364845323,0.7078231292517007,0.3492424242424242,0.3679597599698289,0.3991425241452331,0.1052631578947368,0.6633037532757557,0.0565285007954977,0.3449775667707245
-1.200979432868655,-1.200979432868655,-1.0702372017889004,-0.2745552803254753,0,1,0,0,1,0,0,1,0,0.2869853112101554,0.3508812433972904,0.4650596002636819,0.7700680272108844,0.4545454545454545,0.4777041712658423,0.682179545580487,0.1842105263157894,0.6887164413533761,0.0595953914843903,0.4725979154511107
-0.6155395840141352,-0.6155395840141352,-1.0702372017889004,-0.2745552803254753,0,0,1,0,0,1,0,0,1,0.3250651487282344,0.4987202629147425,0.4093602202785876,0.5489795918367346,0.359090909090909,0.581214930956301,0.8932074962865965,0.0789473684210526,0.6114048602668894,0.058391055315157,0.5722727210538633
-1.200979432868655,-1.200979432868655,1.3270119622948746,-1.0836613715876715,0,1,0,0,1,0,0,1,0,0.3120945596269198,0.3439211323096347,0.4604129917824079,0.8353741496598639,0.4977272727272727,0.4780271444539269,0.6854701764670124,0.1578947368421052,0.7088848429752794,0.0500373475393191,0.4949563478342958
-0.6155395840141352,-0.6155395840141352,1.3270119622948746,-0.2745552803254753,0,0,1,0,0,1,0,1,0,0.3225078476326806,0.447329075511485,0.4604308390022675,0.6129251700680273,0.4064393939393939,0.5027057422206351,0.8949227996249689,0.1052631578947368,0.6147705402599878,0.0767451032849413,0.5041665426065766
-0.6155395840141352,-0.6155395840141352,-0.2711541470943088,-0.2745552803254753,0,1,0,0,1,0,1,0,0,0.2939423500640051,0.4316867717432203,0.4948977260456852,0.8013605442176871,0.4772727272727273,0.4709764929747244,0.5860102188740469,0.1052631578947368,0.6674389538767015,0.0774835866811655,0.3978542733720649
1.4334998869766837,1.4334998869766837,1.3270119622948746,-1.0836613715876715,1,0,0,0,1,0,1,0,0,0.1754610890150069,0.2486454512830315,0.4297477944651287,0.8081632653061225,0.1737373737373737,0.2380031577901702,0.3116108957009662,0.0526315789473684,0.645830243830282,0.0243278461995818,0.2117136068747211
1.4334998869766837,1.4334998869766837,-0.2711541470943088,-1.0836613715876715,1,0,0,0,0,1,0,0,1,0.3311970798032624,0.5249269890258469,0.535932944606414,0.6799319727891158,0.5898989898989898,0.6265246669894382,0.8965072248696524,0.0263157894736842,0.6189471130621506,0.0569062371917578,0.6093793341814345
-1.200979432868655,-1.200979432868655,-1.0702372017889004,-1.0836613715876715,0,1,0,0,1,0,1,0,0,0.2820963465315955,0.4040215648766629,0.4485625202461937,0.7061224489795919,0.3424242424242424,0.4261300064188895,0.5356346593324754,0.1052631578947368,0.6591807612008483,0.0867967412534641,0.4127110006856485
-0.6155395840141352,-0.6155395840141352,1.3270119622948746,-1.0836613715876715,0,0,1,0,0,1,0,0,1,0.3248207271950585,0.4834960447839153,0.3355442176870748,0.3993197278911564,0.3832070707070707,0.5511218370635423,0.8944665711332789,0.0263157894736842,0.5537666897736548,0.0684047938383429,0.5350849189725015
1.4334998869766837,1.4334998869766837,1.3270119622948746,1.3436569021989169,0,0,1,1,0,0,0,0,1,0.2624942968998636,0.3377967047163889,0.4419069214987582,0.6323129251700681,0.2732323232323232,0.4031891301220808,0.7264713579785894,0.0526315789473684,0.5964654385508502,0.0270791786813943,0.3307671718448416
0.2626201892676443,0.2626201892676443,-1.0702372017889004,-1.0836613715876715,1,0,0,0,1,0,1,0,0,0.2536903915660721,0.3667737125709592,0.4339002267573695,0.6017006802721089,0.4015151515151515,0.3631804508680789,0.4407218499710628,0.0526315789473684,0.6270117151837427,0.0812513639485224,0.3305280429761612
-0.6155395840141352,-0.6155395840141352,-0.2711541470943088,1.3436569021989169,1,0,0,0,0,1,0,1,0,0.3031626664740698,0.3540051401762898,0.5031891804340783,0.6945578231292516,0.4393939393939394,0.4502930013669647,0.8973699606048992,0.0789473684210526,0.6519909533436277,0.0687584734592492,0.4586415215162265
0.2626201892676443,0.2626201892676443,1.3270119622948746,1.3436569021989169,1,0,0,1,0,0,0,1,0,0.2164617638502802,0.2633995954973949,0.5629399162262307,0.8142857142857143,0.2491161616161616,0.3054504680016092,0.6416524169570766,0.0526315789473684,0.6693532937673727,0.0262913104094044,0.2662275714248545
1.4334998869766837,1.4334998869766837,-0.2711541470943088,-1.0836613715876715,0,1,0,1,0,0,0,1,0,0.2385328551275389,0.2960189334884184,0.5412780530127469,0.7904761904761904,0.2939393939393939,0.395455274158294,0.6913313198492688,0.0263157894736842,0.6391172209544469,0.0302953130426843,0.334652234974347
0.2626201892676443,0.2626201892676443,1.3270119622948746,-0.2745552803254753,1,0,0,1,0,0,0,0,1,0.2921906379716736,0.3449196564918623,0.5679378161521018,0.807482993197279,0.2493686868686868,0.523893045743092,0.8073860921547749,0.0526315789473684,0.6543038839345169,0.0379623465462821,0.500848249003018
1.4334998869766837,1.4334998869766837,-0.2711541470943088,-0.2745552803254753,0,1,0,0,1,0,0,0,1,0.2780372574925422,0.3260893432085929,0.4142089386537165,0.7785714285714286,0.3148989898989898,0.4827307544564978,0.7672411885535501,0.0263157894736842,0.6247974182879535,0.0265823136360455,0.4580563837622478
1.4334998869766837,1.4334998869766837,1.3270119622948746,-1.0836613715876715,0,0,1,0,1,0,1,0,0,0.2083351494584764,0.2879397132340588,0.4089002267573696,0.495578231292517,0.1832070707070707,0.2584869855601723,0.3438766355408976,0.0526315789473684,0.5657459821014011,0.043291704950906,0.2349458678596758
1.4334998869766837,1.4334998869766837,-0.2711541470943088,1.3436569021989169,0,1,0,0,1,0,0,1,0,0.2384418611867086,0.2749916967928245,0.4662830530963138,0.8642857142857143,0.2463383838383838,0.3479430183628149,0.85687451004982,0.0526315789473684,0.6490075203000444,0.0277000047862515,0.3203094386027372
-0.6155395840141352,-0.6155395840141352,-0.2711541470943088,-0.2745552803254753,1,0,0,0,0,1,1,0,0,0.2601013599123273,0.3661036050479436,0.4848785228377065,0.6374149659863946,0.3111111111111111,0.3725578697671594,0.654212347389223,0.0789473684210526,0.6470365545326731,0.0780285746938292,0.3719047506790174
-1.200979432868655,-1.200979432868655,1.3270119622948746,-1.0836613715876715,1,0,0,1,0,0,0,1,0,0.2918155854088919,0.3285028535451986,0.5931977135047837,0.8346938775510204,0.4419191919191919,0.5164126121507712,0.6938491767031763,0.1578947368421052,0.6940147601949382,0.0530061961858312,0.4960198675771689
1.4334998869766837,1.4334998869766837,-1.0702372017889004,-0.2745552803254753,0,0,1,0,0,1,0,1,0,0.3076195526123046,0.4261116326166165,0.4700234855847101,0.6180272108843538,0.4256313131313131,0.4683334830687352,0.8950853311327311,0.0526315789473684,0.6016478565239486,0.0667478529911189,0.469635426775994
0.2626201892676443,0.2626201892676443,-0.2711541470943088,1.3436569021989169,1,0,0,0,0,1,0,1,0,0.2878677312816892,0.3079818167601361,0.554281125148472,0.708843537414966,0.4074494949494949,0.4504778254908029,0.8962565315974497,0.0526315789473684,0.6491547957187017,0.0417768518233647,0.44614678691899
1.4334998869766837,1.4334998869766837,-1.0702372017889004,-1.0836613715876715,1,0,0,1,0,0,1,0,0,0.2529515043752534,0.3538635129310642,0.455328798185941,0.5251700680272109,0.3393939393939393,0.3389213131191972,0.4419056375877699,0.0,0.6033293720643829,0.0694990986917325,0.2996307403950669
0.2626201892676443,0.2626201892676443,-0.2711541470943088,-1.0836613715876715,1,0,0,0,0,1,0,0,1,0.3440597110560962,0.5357695906925805,0.5736866969009826,0.708843537414966,0.6303030303030304,0.6754413246759277,0.896946882282236,0.0526315789473684,0.6507652751995541,0.0592676893569108,0.6689762896528869
1.4334998869766837,1.4334998869766837,-0.2711541470943088,1.3436569021989169,0,0,1,0,0,1,0,1,0,0.2337919433627809,0.2867156152283376,0.4931186821492944,0.7003401360544218,0.2412878787878788,0.3452514332866752,0.8965929542181915,0.0526315789473684,0.6146262623038747,0.0259058281983668,0.2804716819508306
-1.200979432868655,-1.200979432868655,1.3270119622948746,-0.2745552803254753,0,1,0,0,1,0,0,1,0,0.2617712638207844,0.302983855947909,0.4785814014250388,0.8761904761904761,0.4419191919191919,0.4233928863935441,0.749284911568393,0.2105263157894736,0.7136997378361694,0.0300017291493533,0.3812792979101054
0.2626201892676443,0.2626201892676443,-0.2711541470943088,-0.2745552803254753,0,0,1,1,0,0,0,1,0,0.3069410846488816,0.4074330869019894,0.4279721412374473,0.5863945578231293,0.3416666666666667,0.4728007409545123,0.5038961846297024,0.0526315789473684,0.6128380325956064,0.0705056347216781,0.4719751924671532
-0.6155395840141352,-0.6155395840141352,-1.0702372017889004,-1.0836613715876715,0,1,0,0,0,1,0,0,1,0.3403102830052375,0.5147635967790578,0.4592063492063492,0.6142857142857143,0.4683080808080808,0.6408400951436196,0.8956668154628977,0.0789473684210526,0.6456373931037752,0.0622447942341581,0.6321674050304883
-0.6155395840141352,-0.6155395840141352,-1.0702372017889004,-1.0836613715876715,0,0,1,0,1,0,0,1,0,0.2846492007374763,0.399352712026615,0.3624149659863945,0.5,0.3026515151515151,0.4400947469708105,0.4987186587929803,0.0526315789473684,0.5971066241375406,0.0631935142741526,0.4145053568633151
-1.200979432868655,-1.200979432868655,-0.2711541470943088,1.3436569021989169,0,0,1,0,0,1,0,1,0,0.3276057573301451,0.4427649085488486,0.4509094396473558,0.7180272108843537,0.4065656565656566,0.5059681222748111,0.8955999885811586,0.131578947368421,0.6630409462991335,0.0802523473920738,0.5052132947733748
-0.6155395840141352,-0.6155395840141352,-1.0702372017889004,1.3436569021989169,0,0,1,0,0,1,0,0,1,0.3463352013911519,0.4989783177722032,0.4173530126336248,0.6,0.5119949494949495,0.5801617622695817,0.8957163151625827,0.1052631578947368,0.6166040742311342,0.0517353418478,0.5329182820899089
-1.200979432868655,-1.200979432868655,-0.2711541470943088,-0.2745552803254753,1,0,0,0,0,1,0,0,1,0.3370600832360131,0.5238008413425334,0.5192649281934997,0.6792517006802721,0.4835858585858586,0.6161620140450029,0.8966157866679175,0.131578947368421,0.6858039302894493,0.0658002632983427,0.6101036325297108
-0.6155395840141352,-0.6155395840141352,-1.0702372017889004,-1.0836613715876715,0,0,1,0,0,1,1,0,0,0.207220495215484,0.2575295225104274,0.4468253968253968,0.507482993197279,0.2095959595959596,0.250143652368877,0.5353964847803734,0.0263157894736842,0.5840655017651383,0.0674946575195136,0.2220638088090094
-1.200979432868655,-1.200979432868655,-1.0702372017889004,-1.0836613715876715,1,0,0,1,0,0,0,0,1,0.322559332208974,0.5025471926822566,0.4680839002267573,0.5414965986394558,0.4308080808080808,0.5850261480893968,0.8214346338373919,0.0789473684210526,0.6411180691302768,0.0655465708274037,0.5765040680410819
-1.200979432868655,-1.200979432868655,-1.0702372017889004,1.3436569021989169,0,0,1,0,1,0,0,0,1,0.3435069130999701,0.5068564674871096,0.3315497805293724,0.6452380952380953,0.5262626262626263,0.6540217247920317,0.7898120944702532,0.1052631578947368,0.6316098781743887,0.0600799688207917,0.6593717844208515
0.2626201892676443,0.2626201892676443,-1.0702372017889004,-1.0836613715876715,0,0,1,0,1,0,0,0,1,0.3128549861056464,0.4842294846259729,0.2735260770975057,0.3942176870748299,0.3301767676767677,0.5467588686250263,0.6790398942390068,0.0,0.5429503910871972,0.0562754653411659,0.5160699377050926
0.2626201892676443,0.2626201892676443,1.3270119622948746,-0.2745552803254753,1,0,0,0,1,0,0,0,1,0.2988322186470031,0.3652118383052604,0.4099537603364134,0.8176870748299321,0.3436868686868687,0.5576905176396906,0.7844059890757005,0.0526315789473684,0.6691001863346456,0.0393785913681115,0.509998525889197
0.2626201892676443,0.2626201892676443,1.3270119622948746,1.3436569021989169,0,0,1,0,0,1,0,1,0,0.2919223521436963,0.3877986496834428,0.5153696954972465,0.7418367346938776,0.3848484848484848,0.4562020765608259,0.8985209364555142,0.0789473684210526,0.6250501386835308,0.0592351190323743,0.4345145696463151
-1.200979432868655,-1.200979432868655,-0.2711541470943088,-0.2745552803254753,0,0,1,0,0,1,0,0,1,0.3180644661188125,0.5100080133759941,0.3941690962099125,0.5006802721088435,0.4878787878787879,0.6188394716671505,0.8954356481096969,0.1052631578947368,0.5994914678243073,0.062442987570753,0.6147822257677291
1.4334998869766837,1.4334998869766837,-1.0702372017889004,1.3436569021989169,0,1,0,0,1,0,1,0,0,0.2046318062714167,0.2854607095228121,0.4712213808322751,0.7860544217687074,0.1852272727272727,0.2795894217938258,0.375160666116911,0.0526315789473684,0.6403799626912242,0.0299332503293502,0.238828681403102
1.4334998869766837,1.4334998869766837,1.3270119622948746,-1.0836613715876715,0,0,1,0,0,1,0,0,1,0.3360066392592021,0.4854714974184917,0.3592687074829932,0.4047619047619047,0.4368686868686868,0.5919368812720619,0.895912498418681,0.0263157894736842,0.559779355967358,0.0633842313976821,0.5467718871102663
-0.6155395840141352,-0.6155395840141352,-0.2711541470943088,-1.0836613715876715,0,1,0,0,0,1,1,0,0,0.2795872400488172,0.4168890082433127,0.5306802890986564,0.7428571428571429,0.3755050505050505,0.3919484577289263,0.6651814389432559,0.131578947368421,0.6635176318822055,0.0925746460124758,0.4048065475153137
0.2626201892676443,0.2626201892676443,-0.2711541470943088,-0.2745552803254753,1,0,0,1,0,0,1,0,0,0.2713682895898818,0.3909556288514965,0.5215041572184429,0.6561224489795918,0.4146464646464646,0.4303223265143315,0.4861684419168159,0.0526315789473684,0.6415018778588412,0.0850133282120025,0.3604501823126387
-1.200979432868655,-1.200979432868655,1.3270119622948746,-1.0836613715876715,0,0,1,0,1,0,0,0,1,0.332448627267565,0.4911392162714015,0.2550736961451247,0.3595238095238095,0.3857323232323232,0.5369873650531558,0.7091820738232734,0.0789473684210526,0.6067617160132378,0.0702440033043948,0.550075636552915
-0.6155395840141352,-0.6155395840141352,-1.0702372017889004,-1.0836613715876715,1,0,0,1,0,0,1,0,0,0.2535646013702665,0.3487985834758921,0.4554421768707483,0.5064625850340136,0.2670454545454545,0.2888781130558649,0.374605207205653,0.0526315789473684,0.6241389678596083,0.068032834652714,0.279618916257439
-1.200979432868655,-1.200979432868655,-1.0702372017889004,-1.0836613715876715,0,1,0,0,0,1,0,0,1,0.3512292472379548,0.5271213184550081,0.5703377065111759,0.6724489795918368,0.6319444444444445,0.675193478978968,0.8965715678978907,0.1052631578947368,0.6642021541772878,0.0689872458236279,0.6908763659744543
0.2626201892676443,0.2626201892676443,1.3270119622948746,-0.2745552803254753,0,1,0,1,0,0,0,0,1,0.2750359592693192,0.3176825052286586,0.5616688112289551,0.8517006802721089,0.3311868686868687,0.4574638659936136,0.7983103902669002,0.0789473684210526,0.6725439508166373,0.0283631549785925,0.4116565040421946
0.2626201892676443,0.2626201892676443,-0.2711541470943088,1.3436569021989169,0,1,0,0,0,1,1,0,0,0.2040258570228304,0.294650230667234,0.577332646757285,0.8200680272108842,0.3323232323232323,0.2946071450562638,0.697723654174382,0.0789473684210526,0.6553183319663809,0.0390528553961792,0.2395818048238001
1.4334998869766837,1.4334998869766837,1.3270119622948746,-0.2745552803254753,0,0,1,0,0,1,1,0,0,0.2813788651142801,0.3858591844697817,0.5247125040492387,0.6595238095238096,0.3494949494949494,0.4062266999047243,0.6741455957555915,0.0526315789473684,0.5984637982669951,0.088664712518487,0.3974974070287622
-0.6155395840141352,-0.6155395840141352,-0.2711541470943088,-1.0836613715876715,0,0,1,0,0,1,0,1,0,0.2933821114897728,0.4105697420059143,0.404421768707483,0.5,0.3309343434343434,0.4609701256273847,0.8959862559538918,0.0526315789473684,0.5974160632977137,0.0658677101916898,0.4326678757411748
-1.200979432868655,-1.200979432868655,1.3270119622948746,-1.0836613715876715,0,1,0,1,0,0,0,0,1,0.3561986376132283,0.5353537577316944,0.5964790305940542,0.8353741496598639,0.6305555555555555,0.6989491581867078,0.956258329798778,0.1578947368421052,0.7114521770015262,0.0642394627456166,0.6941532749236472
1.4334998869766837,1.4334998869766837,-0.2711541470943088,-0.2745552803254753,1,0,0,1,0,0,0,1,0,0.2614644382681165,0.3135993991377001,0.5236192095885973,0.6833333333333333,0.3758838383838384,0.3734234611427137,0.6847088584878172,0.0263157894736842,0.628031639651232,0.0311955335118613,0.3323271405321655
0.2626201892676443,0.2626201892676443,-1.0702372017889004,-0.2745552803254753,0,0,1,1,0,0,0,1,0,0.3024256709218025,0.4059729439480118,0.4245707806932297,0.5863945578231293,0.3506313131313131,0.4499710291576299,0.513703875488524,0.0526315789473684,0.611910128686453,0.0641803405398013,0.4417306609772665
0.2626201892676443,0.2626201892676443,-1.0702372017889004,-1.0836613715876715,0,1,0,1,0,0,1,0,0,0.2913126833524022,0.3987486810336899,0.5230779613432675,0.6629251700680272,0.3595959595959596,0.4504419926196656,0.5384169649195004,0.0526315789473684,0.6366825651485678,0.0732273920780851,0.4017749507917729
-0.6155395840141352,-0.6155395840141352,-0.2711541470943088,-1.0836613715876715,0,0,1,0,1,0,1,0,0,0.2267571399893079,0.2932730792995205,0.4193877551020408,0.5289115646258503,0.2353535353535353,0.2448676506019196,0.2945662463142071,0.0789473684210526,0.6140984140688039,0.0523793072796133,0.2229051226934655
1.4334998869766837,1.4334998869766837,-0.2711541470943088,-1.0836613715876715,0,0,1,0,0,1,0,0,1,0.3291551672986575,0.4821204397105884,0.3318877551020408,0.3782312925170068,0.456060606060606,0.5311664158731688,0.8973126780506563,0.0263157894736842,0.542364063890436,0.0588168361318542,0.5209664093551138
1.4334998869766837,1.4334998869766837,-1.0702372017889004,1.3436569021989169,0,1,0,0,0,1,0,1,0,0.2434163722395896,0.2698895651664111,0.5634105634998097,0.8098639455782313,0.3208333333333333,0.3122650954762426,0.8979169707668979,0.0526315789473684,0.6400485988042811,0.0286374809841454,0.278427541145072
1.4334998869766837,1.4334998869766837,-0.2711541470943088,1.3436569021989169,1,0,0,0,0,1,0,1,0,0.2565178317683083,0.3158683120954504,0.5372732426303855,0.6935374149659864,0.3227272727272727,0.3472303450072452,0.8967724960268589,0.0263157894736842,0.632250174349884,0.0331432916151822,0.3251513005993878
0.2626201892676443,0.2626201892676443,-0.2711541470943088,1.3436569021989169,0,0,1,1,0,0,0,1,0,0.3002539756042616,0.401282267301648,0.4975106186330675,0.7316326530612245,0.3939393939393939,0.4553030727200181,0.6834051439387259,0.0789473684210526,0.6226839679901809,0.0602343366476013,0.4419761286238619
-0.6155395840141352,-0.6155395840141352,-0.2711541470943088,-0.2745552803254753,0,0,1,0,1,0,0,1,0,0.2888124394416809,0.39226937369622,0.3724692257855523,0.6129251700680273,0.2621212121212121,0.4217724850981021,0.4478461033763596,0.1052631578947368,0.6147220703708929,0.0583917414171877,0.397564256929835
-1.200979432868655,-1.200979432868655,-1.0702372017889004,-0.2745552803254753,0,0,1,0,1,0,0,1,0,0.2945107946225574,0.3940435434322513,0.3560077205485368,0.6095238095238096,0.3107323232323232,0.4502153208577927,0.519535009679045,0.131578947368421,0.6311174773784242,0.0638803118878743,0.4486161502869041
-1.200979432868655,-1.200979432868655,-1.0702372017889004,1.3436569021989169,0,0,1,0,1,0,0,1,0,0.2816565772039549,0.3774490078390704,0.3481827287761767,0.6976190476190476,0.3166666666666666,0.4012763032291262,0.4449314693119959,0.131578947368421,0.6610172931659859,0.0612308357018467,0.4060667347434329
-1.200979432868655,-1.200979432868655,1.3270119622948746,1.3436569021989169,0,1,0,0,0,1,1,0,0,0.3150733417272567,0.4311729432397118,0.6007997822283536,0.8683673469387755,0.4328282828282828,0.417081874079566,0.7656775910998548,0.1842105263157894,0.7158158083786701,0.0683469927742111,0.4010268666409923
1.4334998869766837,1.4334998869766837,1.3270119622948746,-0.2745552803254753,0,1,0,1,0,0,0,1,0,0.2231907557163919,0.2788855025420806,0.5635488596078473,0.9095238095238096,0.2284090909090909,0.3358717909374257,0.7367894010307888,0.0789473684210526,0.6570078113968577,0.0248196867858119,0.2961397665443236
-1.200979432868655,-1.200979432868655,1.3270119622948746,-0.2745552803254753,0,1,0,0,0,1,1,0,0,0.3133530177388872,0.4515575287385176,0.59432486119487,0.8217687074829931,0.5478535353535353,0.5252939027140839,0.7139497154345975,0.1578947368421052,0.6958404861840312,0.0885312135541613,0.4761436244377052
0.2626201892676443,0.2626201892676443,-1.0702372017889004,-0.2745552803254753,1,0,0,0,0,1,1,0,0,0.257297303037984,0.3633541678191597,0.4463718820861678,0.5465986394557824,0.3651515151515151,0.3438599481915005,0.6360522622982837,0.0526315789473684,0.613187631284719,0.0854096423898535,0.3576194082729049
-0.6155395840141352,-0.6155395840141352,-0.2711541470943088,-1.0836613715876715,0,0,1,0,0,1,1,0,0,0.2018522402218409,0.2685563941902685,0.4098639455782312,0.4846938775510204,0.2575757575757575,0.2698045258924512,0.6036372605455481,0.0789473684210526,0.5824249549343465,0.0661375837181258,0.2490023663526799
-1.200979432868655,-1.200979432868655,1.3270119622948746,-0.2745552803254753,0,0,1,0,1,0,1,0,0,0.2505236204607146,0.3486295467051691,0.4145556635352553,0.5704081632653061,0.2531565656565656,0.3220098526002878,0.3503600170882419,0.1052631578947368,0.6441114036469997,0.0760500742058734,0.2852637595255881
0.2626201892676443,0.2626201892676443,-0.2711541470943088,1.3436569021989169,0,0,1,1,0,0,0,0,1,0.2831006401351519,0.3762664502184494,0.4693924914288059,0.6316326530612245,0.2369949494949494,0.4378446741629258,0.6925249012047425,0.0789473684210526,0.6133995965239682,0.0350917847977234,0.4055334920178193
1.4334998869766837,1.4334998869766837,-1.0702372017889004,-1.0836613715876715,0,0,1,0,0,1,0,1,0,0.2824150368145534,0.4106649567541234,0.4210884353741496,0.4710884353741496,0.3357323232323232,0.4412068901786676,0.8951468134384243,0.0263157894736842,0.5749418066689622,0.065709801281388,0.4369008784972423
1.4334998869766837,1.4334998869766837,-0.2711541470943088,-0.2745552803254753,0,1,0,0,1,0,0,1,0,0.2501433278833116,0.2910012986770567,0.4638716479984566,0.8346938775510204,0.3491161616161616,0.4085008615459173,0.776404669880867,0.0526315789473684,0.6475279088559649,0.0320256329490736,0.3672041132740704
-1.200979432868655,-1.200979432868655,-0.2711541470943088,-1.0836613715876715,0,0,1,1,0,0,1,0,0,0.2204902725986071,0.2909664030666878,0.3960884353741496,0.4554421768707483,0.2815656565656566,0.2891873373664454,0.3154563075360299,0.0789473684210526,0.604046519047095,0.0485147202487248,0.245149244784639
-0.6155395840141352,-0.6155395840141352,1.3270119622948746,1.3436569021989169,1,0,0,0,0,1,1,0,0,0.3017138685924665,0.4494986202197099,0.5625744980210451,0.8159863945578232,0.4680555555555555,0.5269922868922131,0.7526056976831051,0.1052631578947368,0.6740158726536278,0.0836335626264877,0.4865328195773057
-1.200979432868655,-1.200979432868655,1.3270119622948746,-1.0836613715876715,0,1,0,1,0,0,1,0,0,0.3112339713318007,0.4506979004516291,0.5929409492734823,0.8319727891156462,0.4973484848484849,0.5139493350698173,0.5931280827704662,0.131578947368421,0.7006213577139345,0.09095647275765,0.4464606235226881
-1.200979432868655,-1.200979432868655,-0.2711541470943088,1.3436569021989169,1,0,0,0,1,0,1,0,0,0.2998279351421765,0.4222193531154151,0.4263996868588705,0.6646258503401361,0.4482323232323232,0.427464428192025,0.5376761330491475,0.131578947368421,0.6846736361468581,0.0933079910192268,0.3811506443647592
1.4334998869766837,1.4334998869766837,-1.0702372017889004,-0.2745552803254753,1,0,0,0,1,0,0,1,0,0.2666693842411041,0.3054944488343097,0.4180272108843537,0.5517006802721088,0.3333333333333333,0.4067032590339513,0.6115834182859786,0.0,0.5976163413528652,0.0534104576163351,0.4074151251095906
0.2626201892676443,0.2626201892676443,1.3270119622948746,1.3436569021989169,1,0,0,0,1,0,1,0,0,0.2535831809043884,0.3414664420329477,0.4345971988587456,0.8210884353741497,0.3420454545454545,0.3980289225133731,0.5291768681325872,0.0526315789473684,0.6626394986469987,0.0569418120260159,0.3489181335726657
0.2626201892676443,0.2626201892676443,-1.0702372017889004,-1.0836613715876715,0,0,1,1,0,0,0,1,0,0.2950766810349055,0.3939476239938209,0.3692743764172336,0.473469387755102,0.2488636363636363,0.3814299253547976,0.4549509818838366,0.0526315789473684,0.5996946662881285,0.0628772335443189,0.402892926048102
-0.6155395840141352,-0.6155395840141352,1.3270119622948746,-1.0836613715876715,0,0,1,0,0,1,0,1,0,0.2968407710535185,0.4097686930334584,0.3933673469387755,0.4897959183673469,0.3056818181818181,0.4641272016485336,0.8942880653332638,0.0526315789473684,0.5999387180234087,0.0647430761506712,0.4390866560580149
0.2626201892676443,0.2626201892676443,1.3270119622948746,-0.2745552803254753,1,0,0,0,0,1,0,0,1,0.3042913590158734,0.3598994901180512,0.5880781366825785,0.7938775510204081,0.2808080808080808,0.4756546844985811,0.8965324545537777,0.0526315789473684,0.6533866519759526,0.0415952363684197,0.4187176442731571
-1.200979432868655,-1.200979432868655,-1.0702372017889004,-1.0836613715876715,0,0,1,0,0,1,0,1,0,0.305171628168651,0.4050925372719384,0.3874716553287982,0.4530612244897959,0.3460858585858585,0.4503882196022616,0.8945893592056744,0.0789473684210526,0.6151108159032257,0.0708144248540748,0.4418113584306493
0.2626201892676443,0.2626201892676443,-1.0702372017889004,-1.0836613715876715,1,0,0,0,0,1,0,1,0,0.2762034930075918,0.3259641224389034,0.4836167800453514,0.572108843537415,0.2414141414141414,0.3764364269461998,0.8964157601949087,0.0526315789473684,0.6132759286107653,0.0652612933677923,0.3433644671241381
-0.6155395840141352,-0.6155395840141352,-0.2711541470943088,-0.2745552803254753,0,0,1,1,0,0,1,0,0,0.2141281717164175,0.2961081184608209,0.4500283446712018,0.5738095238095238,0.2241161616161616,0.3130857129926408,0.3559944815103275,0.0789473684210526,0.6316755291756595,0.0469915781927491,0.2645392572086038
0.2626201892676443,0.2626201892676443,1.3270119622948746,-0.2745552803254753,0,0,1,0,1,0,1,0,0,0.2365005466341972,0.3248531981980933,0.4441609977324263,0.6187074829931972,0.2321969696969696,0.3592235718543783,0.3975678399973549,0.0526315789473684,0.6064305593370944,0.0740070066488093,0.2989367226681884
-1.200979432868655,-1.200979432868655,-0.2711541470943088,-0.2745552803254753,1,0,0,1,0,0,1,0,0,0.2892672458291053,0.406794100679056,0.5123380304502754,0.654421768707483,0.3656565656565656,0.3734334156134604,0.481317327345993,0.1578947368421052,0.6938618662650987,0.0886712692307784,0.3621665811899952
-0.6155395840141352,-0.6155395840141352,-0.2711541470943088,-1.0836613715876715,0,0,1,0,0,1,0,0,1,0.3316171786614826,0.4927473211685664,0.3375850340136054,0.380952380952381,0.3954545454545455,0.5054615952386491,0.8963376579755398,0.0526315789473684,0.5573502292795041,0.0647560467895362,0.5105006636380309
0.2626201892676443,0.2626201892676443,1.3270119622948746,-1.0836613715876715,0,1,0,1,0,0,0,0,1,0.2735336508069719,0.3134891529180461,0.5903186506242202,0.8632653061224489,0.2977272727272727,0.4709539150533584,0.7710190001378457,0.0789473684210526,0.6702052151606879,0.0251246776733009,0.4020929578770965
-0.6155395840141352,-0.6155395840141352,-0.2711541470943088,-1.0836613715876715,0,0,1,0,1,0,0,1,0,0.2894710558652877,0.4011546192686757,0.3285714285714286,0.4693877551020408,0.2944444444444444,0.4169389711362356,0.4427753068395153,0.0526315789473684,0.5973865421641837,0.0626043581329716,0.3883745125623706
-0.6155395840141352,-0.6155395840141352,-1.0702372017889004,1.3436569021989169,0,1,0,1,0,0,0,0,1,0.3574657120874949,0.510513343313923,0.5361271843098785,0.7979591836734694,0.5579545454545455,0.611044252558245,0.8517897330659132,0.1578947368421052,0.6629490763205858,0.0564151456618764,0.6358842424645872
1.4334998869766837,1.4334998869766837,-1.0702372017889004,1.3436569021989169,1,0,0,1,0,0,1,0,0,0.2815018090179988,0.3970545282915937,0.4748866213151927,0.5659863945578232,0.363510101010101,0.3575735056784006,0.4482161236985121,0.0,0.6030900080347307,0.0892855103432916,0.3642759948776624
0.2626201892676443,0.2626201892676443,-0.2711541470943088,1.3436569021989169,0,0,1,0,0,1,0,0,1,0.2887515329888888,0.3833213450115382,0.4564397426776589,0.6261904761904762,0.3378787878787879,0.4536596628607567,0.8975086813868167,0.0526315789473684,0.6090496411167076,0.0370074687407258,0.3966820417128247
-0.6155395840141352,-0.6155395840141352,-1.0702372017889004,1.3436569021989169,0,0,1,0,0,1,1,0,0,0.2439704973357064,0.3393225528781467,0.4805246640780854,0.6465986394557823,0.3419191919191919,0.319917286838111,0.674373763035515,0.0789473684210526,0.6241132613427208,0.0743568094722416,0.2865990676778328
-1.200979432868655,-1.200979432868655,-1.0702372017889004,-1.0836613715876715,0,1,0,0,0,1,0,1,0,0.2931465667060443,0.338208050382731,0.5503644314868804,0.654421768707483,0.3560606060606061,0.4312531742757056,0.8964711176876814,0.131578947368421,0.6783029605615417,0.0577883259971856,0.4425203698633198
-0.6155395840141352,-0.6155395840141352,-1.0702372017889004,1.3436569021989169,1,0,0,0,0,1,1,0,0,0.2559373517547335,0.3511244046572902,0.4332199546485261,0.4989795918367347,0.3156565656565656,0.3180407270397901,0.6374468366383511,0.0526315789473684,0.6238876232908158,0.0823316734259064,0.3218823500507771
-0.6155395840141352,-0.6155395840141352,-0.2711541470943088,-0.2745552803254753,0,0,1,0,0,1,1,0,0,0.2632661033102444,0.3396858415545367,0.5346371882086168,0.6316326530612245,0.3825757575757575,0.3663725997282657,0.7235644300653358,0.0526315789473684,0.6025210544737618,0.0728739832782773,0.3169556974705014
1.4334998869766837,1.4334998869766837,-0.2711541470943088,-1.0836613715876715,1,0,0,0,1,0,0,1,0,0.2652925295489174,0.3044677029487434,0.4429818594104308,0.6935374149659864,0.3833333333333333,0.380889216792296,0.7169323915931939,0.0263157894736842,0.6280051637470783,0.0306518321979265,0.3488030526803614
-1.200979432868655,-1.200979432868655,-1.0702372017889004,-1.0836613715876715,0,1,0,0,0,1,1,0,0,0.2673784789443015,0.3745551107829451,0.5402559118885649,0.686734693877551,0.3832070707070707,0.4041531916968081,0.7145368584429563,0.131578947368421,0.6736719178274505,0.0656486291049179,0.4043765308532389
-0.6155395840141352,-0.6155395840141352,-0.2711541470943088,-1.0836613715876715,0,0,1,1,0,0,0,0,1,0.3236077640737805,0.4825559050418692,0.3144557823129251,0.354421768707483,0.3121212121212121,0.5435408039830327,0.6737635586787171,0.0526315789473684,0.5627765683245582,0.0630487945276061,0.5289268357261241
0.2626201892676443,0.2626201892676443,1.3270119622948746,1.3436569021989169,0,0,1,1,0,0,0,1,0,0.3061106098549706,0.4218684098335702,0.5026126594493942,0.7316326530612245,0.4353535353535354,0.4800654144925954,0.6756749258807395,0.0789473684210526,0.6226839679901809,0.0716305616208274,0.4726793336445244
0.2626201892676443,0.2626201892676443,-0.2711541470943088,-0.2745552803254753,0,0,1,1,0,0,1,0,0,0.208540252660002,0.2966302344053594,0.484402332361516,0.6068027210884354,0.2311868686868687,0.2980112471850696,0.3782710572409754,0.0263157894736842,0.5912571196433777,0.0632516411703811,0.2821087735848572
-1.200979432868655,-1.200979432868655,-0.2711541470943088,-0.2745552803254753,0,1,0,1,0,0,1,0,0,0.2795798958199364,0.4115179945738829,0.5516372280402893,0.7316326530612245,0.5202020202020202,0.4831164241337828,0.5338915308689078,0.131578947368421,0.688028295144473,0.0647274762355742,0.3818449216911436
1.4334998869766837,1.4334998869766837,-0.2711541470943088,-0.2745552803254753,0,0,1,0,1,0,1,0,0,0.2576926168373653,0.3440629605778645,0.3893869452542922,0.5925170068027211,0.2297979797979797,0.3820345480944402,0.4281105691489453,0.0263157894736842,0.5796944687666438,0.0594852660621594,0.3105284915242504
-1.200979432868655,-1.200979432868655,-0.2711541470943088,-1.0836613715876715,0,1,0,0,0,1,0,1,0,0.2981601730840546,0.3379154390955964,0.5706495715169184,0.7520408163265306,0.4337121212121212,0.4767947431604365,0.8970486591146838,0.131578947368421,0.6948138746102367,0.0503450987281989,0.4879289469760147
-1.200979432868655,-1.200979432868655,-1.0702372017889004,-1.0836613715876715,1,0,0,1,0,0,1,0,0,0.2290105159367833,0.3013609245313776,0.4984693877551021,0.5670068027210885,0.256060606060606,0.2955394229857934,0.3444946147367591,0.1052631578947368,0.6567469247192449,0.0658356347387339,0.2463049692051782
1.4334998869766837,1.4334998869766837,1.3270119622948746,-1.0836613715876715,0,0,1,0,0,1,0,1,0,0.2913773253134318,0.4026466918913285,0.4210884353741496,0.4710884353741496,0.3347222222222222,0.4679466616298052,0.894987013070158,0.0263157894736842,0.5773042890333685,0.0661837909847427,0.4233502525711956
-1.200979432868655,-1.200979432868655,-0.2711541470943088,1.3436569021989169,1,0,0,0,0,1,1,0,0,0.2567041496293885,0.3457356281864499,0.5059102688694526,0.6435374149659864,0.3863636363636363,0.3226658021731327,0.6159208190109657,0.131578947368421,0.673584596235631,0.0805557380164518,0.3115625516523211
1.4334998869766837,1.4334998869766837,-1.0702372017889004,1.3436569021989169,1,0,0,1,0,0,0,0,1,0.3363646822316306,0.5013553107618582,0.4731859410430838,0.5931972789115646,0.4803030303030303,0.6389751014971695,0.7979018157379081,0.0263157894736842,0.6010501033421997,0.0557747305215251,0.6329998906955118
-1.200979432868655,-1.200979432868655,1.3270119622948746,-1.0836613715876715,1,0,0,0,0,1,0,1,0,0.3002133551239967,0.3245751179205704,0.5695708385123625,0.8448979591836734,0.3863636363636363,0.4506964713711403,0.8958034936482432,0.1578947368421052,0.693736647804728,0.0603400754414206,0.4230866630411423
0.2626201892676443,0.2626201892676443,-0.2711541470943088,-1.0836613715876715,0,0,1,0,1,0,0,1,0,0.2867782308374132,0.3808907845971438,0.33078231292517,0.473469387755102,0.2641414141414141,0.3688091322683554,0.4015595159958078,0.0526315789473684,0.5996632105657668,0.074565274162999,0.3592670713502638
-1.200979432868655,-1.200979432868655,-1.0702372017889004,-0.2745552803254753,1,0,0,0,0,1,0,0,1,0.330832795373031,0.5081185292900215,0.4320294784580499,0.5034013605442177,0.3696969696969697,0.5788672637111465,0.8979630804156566,0.0789473684210526,0.6286845276127384,0.0603827744491815,0.5889270864966173
-0.6155395840141352,-0.6155395840141352,-0.2711541470943088,-0.2745552803254753,1,0,0,0,1,0,0,0,1,0.3382099068590573,0.5186243160154055,0.4117344239283014,0.6391156462585034,0.5333333333333333,0.6519111593849489,0.8932991418626625,0.0789473684210526,0.6239680252570248,0.0600514647546781,0.6465674241003768
-1.200979432868655,-1.200979432868655,1.3270119622948746,-0.2745552803254753,0,0,1,1,0,0,0,1,0,0.3321196330445153,0.461250620076968,0.4675736961451247,0.6095238095238096,0.4185606060606061,0.5251720977312787,0.5687368276322377,0.131578947368421,0.631582556678497,0.0840134815502395,0.5308584058183459
0.2626201892676443,0.2626201892676443,-0.2711541470943088,1.3436569021989169,0,1,0,0,1,0,0,1,0,0.2553030784640993,0.3000061914094508,0.4405593996841909,0.8948979591836735,0.3648989898989899,0.3961999134887051,0.7772409029777434,0.1052631578947368,0.6698184190376352,0.035913982122787,0.3871071793498336
-1.200979432868655,-1.200979432868655,-0.2711541470943088,-1.0836613715876715,0,1,0,1,0,0,0,0,1,0.3555533907243183,0.5354623309727861,0.5690578525782607,0.7421768707482993,0.6150252525252525,0.684347664651013,0.856138289483885,0.1578947368421052,0.6902453847237231,0.0667584152691745,0.7047058188388803
-0.6155395840141352,-0.6155395840141352,-1.0702372017889004,-0.2745552803254753,0,1,0,0,1,0,0,1,0,0.2982266917824744,0.3380695192326028,0.4516441419502643,0.7836734693877551,0.4964646464646464,0.4263395984127111,0.6730821126302665,0.131578947368421,0.657909946931649,0.0452254368447931,0.4118495840955606
1.4334998869766837,1.4334998869766837,1.3270119622948746,1.3436569021989169,0,0,1,0,1,0,0,1,0,0.2427014751093728,0.299875839556366,0.4011785310428452,0.7003401360544218,0.2959595959595959,0.3106110667132853,0.8468774451637485,0.0526315789473684,0.6132745030606527,0.0272241454672705,0.2879072260882239
-0.6155395840141352,-0.6155395840141352,-1.0702372017889004,-0.2745552803254753,0,1,0,0,0,1,1,0,0,0.2764489328435489,0.3893354855730839,0.515906676467901,0.7071428571428571,0.4094696969696969,0.4216399571182159,0.7138640613779611,0.1052631578947368,0.6546533825422279,0.0568851552195704,0.3469324473930243
0.2626201892676443,0.2626201892676443,1.3270119622948746,-1.0836613715876715,1,0,0,0,0,1,0,1,0,0.2253119913595063,0.2568025105638373,0.5930730640048578,0.8142857142857143,0.251010101010101,0.2996041128826867,0.8951984655950821,0.0526315789473684,0.6693532937673727,0.027109285659852,0.2459582736712522
1.4334998869766837,1.4334998869766837,1.3270119622948746,-0.2745552803254753,0,0,1,1,0,0,1,0,0,0.2576663609061922,0.3705947093978811,0.4591296836194795,0.6622448979591837,0.3330808080808081,0.3640822610075309,0.3767445682068743,0.0526315789473684,0.5964822576702217,0.0593258578027149,0.3362450201988701
-1.200979432868655,-1.200979432868655,1.3270119622948746,1.3436569021989169,0,0,1,0,1,0,1,0,0,0.2620861262934548,0.3429682115655263,0.4109776165988651,0.6578231292517007,0.2676767676767677,0.3169283985381162,0.3322714597702725,0.131578947368421,0.651839843751375,0.0754942847714749,0.2855471264498129
1.4334998869766837,1.4334998869766837,1.3270119622948746,-0.2745552803254753,1,0,0,0,0,1,1,0,0,0.1756403987748282,0.2395460178031699,0.6090996893818023,0.823469387755102,0.1101010101010101,0.2583979546007183,0.761270111792725,0.0526315789473684,0.6520171198108146,0.0159781205809617,0.1657006775108028
-1.200979432868655,-1.200979432868655,-1.0702372017889004,1.3436569021989169,0,0,1,0,0,1,0,0,1,0.3525181636214256,0.505461093582321,0.4565318174696136,0.6425170068027211,0.479040404040404,0.6036445497617097,0.8954201635755646,0.131578947368421,0.6617552075157656,0.0618057907266145,0.6078872322799526
-1.200979432868655,-1.200979432868655,1.3270119622948746,-0.2745552803254753,1,0,0,0,0,1,1,0,0,0.2957563312990324,0.4107662922634047,0.5347529732868078,0.7571428571428571,0.4353535353535354,0.4252206092853728,0.6955427412124395,0.1578947368421052,0.7073693513432365,0.0888665007693874,0.4222146373221336
1.4334998869766837,1.4334998869766837,-1.0702372017889004,1.3436569021989169,0,0,1,0,0,1,0,1,0,0.2264274242520332,0.2692468236663943,0.4646322875914712,0.6799319727891158,0.1838383838383838,0.3133291533838135,0.8964098822225008,0.0526315789473684,0.6146262623038747,0.0250093970341524,0.2771476098407188
-1.200979432868655,-1.200979432868655,-1.0702372017889004,-1.0836613715876715,1,0,0,0,0,1,0,1,0,0.2675000398925372,0.308068059635771,0.5022108843537415,0.572108843537415,0.2676767676767677,0.2996979516322496,0.8980535589584424,0.0789473684210526,0.6411954395682203,0.0705592835487918,0.295692781333172
1.4334998869766837,1.4334998869766837,1.3270119622948746,1.3436569021989169,0,1,0,0,1,0,0,1,0,0.2392322028109005,0.2746448059625891,0.4510199712157103,0.9391156462585034,0.2486111111111111,0.3342251307701795,0.8327999232639559,0.0789473684210526,0.6582734164766135,0.0279728155146514,0.3043002204706878
-0.6155395840141352,-0.6155395840141352,1.3270119622948746,1.3436569021989169,0,0,1,1,0,0,0,0,1,0.3369932887809617,0.4913730971557307,0.4355431275074132,0.6095238095238096,0.4563131313131313,0.6262597021434682,0.8268204771133605,0.0789473684210526,0.5948012124087311,0.0625353951475555,0.5940385240392445
1.4334998869766837,1.4334998869766837,-0.2711541470943088,-0.2745552803254753,0,0,1,1,0,0,0,0,1,0.3326897771017891,0.5114500355501322,0.3830255911888565,0.604421768707483,0.4907828282828282,0.5989405910228573,0.8340666132249559,0.0263157894736842,0.5460722765279541,0.0593003194226797,0.5757193328302639
-0.6155395840141352,-0.6155395840141352,-1.0702372017889004,1.3436569021989169,0,0,1,0,0,1,0,1,0,0.3125105925968715,0.4317090446023499,0.4686742792355037,0.708843537414966,0.3801767676767676,0.4655700705733797,0.895009927157861,0.131578947368421,0.6473432759446306,0.0709041854839553,0.490320221995879
1.4334998869766837,1.4334998869766837,-0.2711541470943088,-1.0836613715876715,0,1,0,0,0,1,0,0,1,0.3119360964213098,0.4031891240541694,0.5683302808302808,0.7241496598639456,0.365530303030303,0.4733526100568324,0.8955196751277711,0.0263157894736842,0.6418028506775407,0.0431386910140612,0.4450134993865526
1.4334998869766837,1.4334998869766837,1.3270119622948746,-0.2745552803254753,0,0,1,0,0,1,0,1,0,0.3258814130510602,0.4353373761243428,0.4497975380628441,0.5874149659863946,0.3972222222222222,0.4862380746809452,0.8955548801303178,0.0526315789473684,0.6016478565239486,0.0838459538686431,0.5093409985337364
-1.200979432868655,-1.200979432868655,-0.2711541470943088,1.3436569021989169,1,0,0,1,0,0,1,0,0,0.2811838941488947,0.4041572977202801,0.5220791491199654,0.6408163265306123,0.3727272727272727,0.3682961323639075,0.444263701060554,0.131578947368421,0.6816977546259352,0.0914346426338386,0.3554387833175335
0.2626201892676443,0.2626201892676443,1.3270119622948746,1.3436569021989169,0,0,1,0,1,0,0,0,1,0.2975256113069398,0.3987065924960112,0.3590621153030327,0.6874149659863945,0.3742424242424242,0.5515326177683209,0.8100637628694919,0.0789473684210526,0.6059288933832877,0.0385974680802312,0.4844593633954392
-1.200979432868655,-1.200979432868655,-1.0702372017889004,1.3436569021989169,1,0,0,0,1,0,1,0,0,0.2381350683314459,0.3320686953112985,0.4056916099773242,0.5755102040816327,0.2210858585858585,0.2719568402375956,0.3126678615701773,0.1052631578947368,0.637985981577986,0.0719051785019055,0.2356580764421757
1.4334998869766837,1.4334998869766837,1.3270119622948746,-0.2745552803254753,0,0,1,0,1,0,1,0,0,0.2195518359541892,0.3032343825514578,0.4526239067055393,0.6554421768707483,0.2518939393939394,0.3474943915017773,0.398644775848176,0.0526315789473684,0.5938917258196871,0.0425411160016839,0.2856469607703943
